overlay_id,ram_address,ram_size,bss_size,static_init_start,static_init_end,file_id,flags,file_start,file_end,file_size
0,35462272,32,0,35462272,35462276,0,0,1082368,1082400,32
1,35462272,32,32,35462288,35462296,1,0,1082880,1082912,32
2,35462336,32,0,35462336,35462340,2,0,1083392,1083424,32
3,33523296,32,0,33523296,33523300,3,0,1083904,1083936,32
4,35462272,300672,21504,35745136,35745140,4,0,1084416,1385088,300672
5,35462272,201632,245792,35662864,35662868,5,0,1385472,1587104,201632
6,35909696,47104,32,35956568,35956572,6,0,1587200,1634304,47104
7,35956832,23552,32,35980128,35980132,7,0,1634304,1657856,23552
8,35956832,20000,0,35976764,35976768,8,0,1657856,1677856,20000
9,35956832,41856,0,35998192,35998196,9,0,1678336,1720192,41856
10,35784448,14976,0,35799420,35799424,10,0,1720320,1735296,14976
11,35784448,1056,0,35785496,35785500,11,0,1735680,1736736,1056
12,35785504,111904,0,35897344,35897348,12,0,1737216,1849120,111904
13,35785504,41504,0,35826976,35826980,13,0,1849344,1890848,41504
14,35785504,62560,0,35848032,35848036,14,0,1891328,1953888,62560
15,35462272,32,0,35462272,35462276,15,0,1954304,1954336,32
16,35897408,219808,0,36117028,36117036,16,0,1954816,2174624,219808
17,35897408,105632,0,36003028,36003036,17,0,2174976,2280608,105632
18,35784448,178784,33248,35956288,35956292,18,0,2280960,2459744,178784
19,35462272,63584,416,35525816,35525820,19,0,2460160,2523744,63584
20,35462272,18112,0,35480368,35480372,20,0,2524160,2542272,18112
21,35462272,102912,0,35565160,35565164,21,0,2542592,2645504,102912
22,36003040,28832,0,36031848,36031852,22,0,2645504,2674336,28832
23,35909696,103936,128,36010708,36010712,23,0,2674688,2778624,103936
24,35998688,256,0,35998932,35998936,24,0,2778624,2778880,256
25,35998688,9440,0,36008100,36008104,25,0,2779136,2788576,9440
26,36008128,1504,0,36009600,36009608,26,0,2788864,2790368,1504
27,36008128,3840,0,36011952,36011960,27,0,2790400,2794240,3840
28,36008128,6400,0,36014504,36014512,28,0,2794496,2800896,6400
29,36008128,2656,0,36010756,36010764,29,0,2801152,2803808,2656
30,36008128,1376,0,36009472,36009480,30,0,2804224,2805600,1376
31,36008128,2048,0,36010144,36010152,31,0,2805760,2807808,2048
32,36008128,2976,0,36011080,36011088,32,0,2807808,2810784,2976
33,36008128,6048,0,36013980,36013988,33,0,2810880,2816928,6048
34,36008128,2304,0,36010412,36010420,34,0,2817024,2819328,2304
35,36008128,1536,0,36009640,36009648,35,0,2819584,2821120,1536
36,36008128,1536,0,36009632,36009640,36,0,2821120,2822656,1536
37,36008128,1184,0,36009284,36009292,37,0,2822656,2823840,1184
38,36008128,800,0,36008896,36008904,38,0,2824192,2824992,800
39,36008128,1216,0,36009336,36009344,39,0,2825216,2826432,1216
40,36008128,2464,0,36010560,36010568,40,0,2826752,2829216,2464
41,36008128,3264,0,36011384,36011392,41,0,2829312,2832576,3264
42,36008128,1376,32,36009488,36009496,42,0,2832896,2834272,1376
43,36008128,2880,0,36010976,36010984,43,0,2834432,2837312,2880
44,36008128,3296,0,36011416,36011424,44,0,2837504,2840800,3296
45,36008128,3168,0,36011268,36011276,45,0,2841088,2844256,3168
46,36008128,4416,0,36012532,36012540,46,0,2844672,2849088,4416
47,36008128,2304,0,36010396,36010404,47,0,2849280,2851584,2304
48,36008128,2496,0,36010608,36010616,48,0,2851840,2854336,2496
49,36008128,1184,0,36009276,36009284,49,0,2854400,2855584,1184
50,36008128,2368,0,36010480,36010488,50,0,2855936,2858304,2368
51,36008128,800,0,36008896,36008904,51,0,2858496,2859296,800
52,36008128,3232,0,36011340,36011348,52,0,2859520,2862752,3232
53,36008128,2208,0,36010320,36010328,53,0,2863104,2865312,2208
54,36008128,1632,0,36009744,36009752,54,0,2865664,2867296,1632
55,36008128,800,0,36008912,36008920,55,0,2867712,2868512,800
56,36008128,4416,0,36012528,36012532,56,0,2868736,2873152,4416
57,35462272,1024,0,35463288,35463292,57,0,2873344,2874368,1024
58,35462272,9408,0,35471472,35471476,58,0,2874368,2883776,9408
59,35462272,10112,0,35472244,35472248,59,0,2884096,2894208,10112
60,35784448,42528,4160,35822884,35822888,60,0,2894336,2936864,42528
61,35831136,14592,2912,35845344,35845348,61,0,2937344,2951936,14592
62,35848640,108352,0,35956480,35956484,62,0,2952192,3060544,108352
63,35831136,11904,0,35843024,35843028,63,0,3060736,3072640,11904
64,35843040,18528,0,35861316,35861320,64,0,3073024,3091552,18528
65,35843040,49632,32,35892064,35892068,65,0,3091968,3141600,49632
66,35843040,186848,4160,36019212,36019216,66,0,3141632,3328480,186848
67,36034048,3488,0,36037512,36037516,67,0,3328512,3332000,3488
68,36034048,6080,0,36040072,36040076,68,0,3332096,3338176,6080
69,36034048,11584,0,36045608,36045612,69,0,3338240,3349824,11584
70,36034048,74016,0,36108032,36108036,70,0,3350016,3424032,74016
71,35897408,9856,0,35907236,35907240,71,0,3424256,3434112,9856
72,35907264,5568,0,35912780,35912784,72,0,3434496,3440064,5568
73,35462272,11872,0,35474136,35474140,73,0,3440128,3452000,11872
74,35462272,3904,0,35466160,35466164,74,0,3452416,3456320,3904
75,35462272,4288,0,35466532,35466536,75,0,3456512,3460800,4288
76,35897408,15936,0,35913316,35913324,76,0,3461120,3477056,15936
77,35462272,27584,0,35489732,35489736,77,0,3477504,3505088,27584
78,35462272,7296,0,35469544,35469548,78,0,3505152,3512448,7296
79,35462272,12320,0,35474428,35474432,79,0,3512832,3525152,12320
80,35462272,9888,0,35471972,35471976,80,0,3525632,3535520,9888
81,35462272,10176,0,35472428,35472432,81,0,3535872,3546048,10176
82,35897408,1120,0,35898500,35898504,82,0,3546112,3547232,1120
83,35898528,20576,0,35919016,35919020,83,0,3547648,3568224,20576
84,35898528,24224,0,35922720,35922724,84,0,3568640,3592864,24224
85,35922752,5664,0,35928388,35928392,85,0,3593216,3598880,5664
86,35897408,9248,32,35906592,35906596,86,0,3599360,3608608,9248
87,35462272,3648,0,35465876,35465880,87,0,3609088,3612736,3648
88,35897408,16576,0,35913976,35913980,88,0,3613184,3629760,16576
89,35462272,32,0,35462272,35462276,89,0,3630080,3630112,32
90,35462272,4672,0,35466784,35466788,90,0,3630592,3635264,4672
91,35462272,7712,0,35469980,35469984,91,0,3635712,3643424,7712
92,35462272,7456,0,35469712,35469716,92,0,3643904,3651360,7456
93,35462272,2176,0,35464340,35464344,93,0,3651584,3653760,2176
94,35897408,47872,352,35943548,35943552,94,0,3654144,3702016,47872
95,35945632,22208,160,35967780,35967784,95,0,3702272,3724480,22208
96,35897408,11360,288,35908112,35908116,96,0,3724800,3736160,11360
97,35831136,82656,6528,35909112,35909116,97,0,3736576,3819232,82656
98,35945632,12800,32,35958232,35958236,98,0,3819520,3832320,12800
99,35462272,18112,0,35480376,35480380,99,0,3832320,3850432,18112
100,35462272,18368,0,35480464,35480468,100,0,3850752,3869120,18368
101,35462272,37120,0,35499332,35499336,101,0,3869184,3906304,37120
102,35462272,2080,0,35464324,35464328,102,0,3906560,3908640,2080
103,35843040,32,0,35843040,35843044,103,0,3909120,3909152,32
104,35843040,81376,32,35924104,35924108,104,0,3909632,3991008,81376
105,35924448,18912,0,35943340,35943344,105,0,3991040,4009952,18912
106,35924448,7616,0,35932048,35932052,106,0,4009984,4017600,7616
107,35924448,34912,0,35959336,35959340,107,0,4017664,4052576,34912
108,35924448,7360,32,35931784,35931788,108,0,4052992,4060352,7360
109,35462272,20960,0,35483164,35483168,109,0,4060672,4081632,20960
110,35462272,5568,0,35467808,35467812,110,0,4081664,4087232,5568
111,35462272,11232,0,35473464,35473468,111,0,4087296,4098528,11232
112,36034048,4736,0,36038732,36038736,112,0,4098560,4103296,4736
113,36034048,20096,0,36054112,36054116,113,0,4103680,4123776,20096
114,36034048,15680,0,36049696,36049700,114,0,4124160,4139840,15680
115,36049728,25216,64,36074924,36074928,115,0,4140032,4165248,25216
116,36049728,31776,0,36081164,36081168,116,0,4165632,4197408,31776
117,36049728,27648,0,36077364,36077368,117,0,4197888,4225536,27648
118,35462272,1088,0,35463328,35463332,118,0,4225536,4226624,1088
119,35462272,6464,0,35468720,35468724,119,0,4227072,4233536,6464
120,35462272,1216,0,35463480,35463484,120,0,4233728,4234944,1216
121,35462272,1600,0,35463848,35463852,121,0,4235264,4236864,1600
