file_id,path,start,end,size
122,application/balloon/graphic/balloon_gra.narc,95834624,96137632,303008
123,application/bucket/ballslow_data.narc,96266752,96267172,420
124,application/custom_ball/data/cb_data.narc,93135360,93196172,60812
125,application/custom_ball/edit/pl_cb_data.narc,95723520,95726652,3132
126,application/wifi_earth/wifi_earth.narc,92979200,93131380,152180
127,application/wifi_earth/wifi_earth_place.narc,93131776,93135048,3272
128,application/wifi_lobby/map_conv/wflby_map.narc,96137728,96154768,17040
129,application/zukanlist/zkn_data/zukan_data.narc,92933120,92955780,22660
130,application/zukanlist/zkn_data/zukan_data_gira.narc,92956160,92978824,22664
131,application/zukanlist/zkn_data/zukan_enc_diamond.narc,95452672,95524128,71456
132,application/zukanlist/zkn_data/zukan_enc_pearl.narc,95524352,95595784,71432
133,application/zukanlist/zkn_data/zukan_enc_platinum.narc,95596032,95667492,71460
134,arc/area_win_gra.narc,93315072,93348460,33388
135,arc/balance_ball_gra.narc,93348864,93490220,141356
136,arc/bm_anime.narc,93490688,93563728,73040
137,arc/bm_anime_list.narc,93563904,93580476,16572
138,arc/codein_gra.narc,93580800,93674068,93268
139,arc/demo_tengan_gra.narc,93674496,94627552,953056
140,arc/email_gra.narc,94627840,94653964,26124
141,arc/encdata_ex.narc,94654464,94656292,1828
142,arc/manene.narc,94656512,94914356,257844
143,arc/plgym_ghost.narc,94914560,94919496,4936
144,arc/ppark.narc,94919680,94922700,3020
145,arc/ship_demo.narc,94922752,95017816,95064
146,arc/ship_demo_pl.narc,95017984,95080020,62036
147,arc/tv.narc,95080448,95081608,1160
148,battle/b_pl_stage/pl_bsdpm.narc,96194560,96206084,11524
149,battle/b_pl_tower/pl_btdpm.narc,96206336,96229212,22876
150,battle/b_pl_tower/pl_btdtr.narc,96229376,96266536,37160
151,battle/b_tower/btdpm.narc,95395840,95418716,22876
152,battle/b_tower/btdtr.narc,95418880,95452608,33728
153,battle/graphic/b_bag_gra.narc,54593536,54613764,20228
154,battle/graphic/batt_bg.narc,54614016,55254140,640124
155,battle/graphic/pl_batt_bg.narc,55254528,56107300,852772
156,battle/skill/be_seq.narc,56376320,56393260,16940
157,battle/skill/sub_seq.narc,56393728,56446924,53196
158,battle/skill/waza_seq.narc,56446976,56453392,6416
159,battle/tr_ai/tr_ai_seq.narc,93272576,93315024,42448
160,contest/data/contest_data.narc,92873216,92887356,14140
161,data/arealight.narc,4414464,4422840,8376
162,data/battle_win.NSCR,4423168,4425252,2084
163,data/btower_canm.resdat,4425728,4425780,52
164,data/btower_celact.cldat,4426240,4426304,64
165,data/btower_cell.resdat,4426752,4426804,52
166,data/btower_chr.resdat,4427264,4427316,52
167,data/btower_pal.resdat,4427776,4427828,52
168,data/cell0.NCGR,4428288,4436528,8240
169,data/cell0.NCLR,4436992,4437544,552
170,data/clact_default.NANR,4438016,4438127,111
171,data/crystal.nsbmd,4438528,4441860,3332
172,data/demo_climax.narc,4442112,4914732,472620
173,data/dp_areawindow.NCGR,4915200,4915568,368
174,data/dp_areawindow.NCLR,4915712,4916264,552
175,data/dt_test_celact.txt,4916736,4916790,54
176,data/dt_test_res_cell.txt,4917248,4917286,38
177,data/dt_test_res_cellanm.txt,4917760,4917798,38
178,data/dt_test_res_char.txt,4918272,4918315,43
179,data/dt_test_res_multi.txt,4918784,4918800,16
180,data/dt_test_res_multianm.txt,4919296,4919312,16
181,data/dt_test_res_pltt.txt,4919808,4919853,45
182,data/dun_sea.nsbtx,4920320,4921720,1400
183,data/eoo.dat,4921856,5395456,473600
184,data/exdata.dat,5395456,5395748,292
185,data/field_cutin.narc,5395968,5419040,23072
186,data/fld_anime0.bin,5419520,5419592,72
187,data/fld_anime1.bin,5420032,5420104,72
188,data/fld_anime10.bin,5420544,5420616,72
189,data/fld_anime2.bin,5421056,5421128,72
190,data/fld_anime3.bin,5421568,5421640,72
191,data/fld_anime4.bin,5422080,5422152,72
192,data/fld_anime5.bin,5422592,5422664,72
193,data/fld_anime6.bin,5423104,5423176,72
194,data/fld_anime7.bin,5423616,5423688,72
195,data/fld_anime8.bin,5424128,5424200,72
196,data/fld_anime9.bin,5424640,5424712,72
197,data/fldtanime.narc,5425152,5579792,154640
198,data/fs_kanban.nsbca,5580288,5582324,2036
199,data/ground0.NCGR,5582336,5615152,32816
200,data/ground0.NCLR,5615616,5616168,552
201,data/ground0.NSCR,5616640,5618724,2084
202,data/guru2.narc,5619200,5810924,191724
203,data/kemu_itpconv.dat,5811200,5811220,20
204,data/lake_anim.nsbtx,5811712,5816144,4432
205,data/miniasahamabe.nsbtx,5816320,5820808,4488
206,data/miniasasea.nsbtx,5820928,5822328,1400
207,data/minihamabe.nsbtx,5822464,5826952,4488
208,data/minimum.nsbtx,5827072,5828472,1400
209,data/minirhana.nsbtx,5828608,5829320,712
210,data/nfont.NCGR,5829632,5862448,32816
211,data/nfont.NCLR,5862912,5863464,552
212,data/pc.nsbca,5863936,5864332,396
213,data/pl_wifi.ncgr,5864448,5865024,576
214,data/pl_wm.ncgr,5865472,5866048,576
215,data/pl_wm.nclr,5866496,5867048,552
216,data/plist_canm.resdat,5867520,5867716,196
217,data/plist_cell.resdat,5868032,5868228,196
218,data/plist_chr.resdat,5868544,5868860,316
219,data/plist_h.cldat,5869056,5869472,416
220,data/plist_pal.resdat,5869568,5869716,148
221,data/porucase_canm.resdat,5870080,5870156,76
222,data/porucase_celact.cldat,5870592,5870688,96
223,data/porucase_cell.resdat,5871104,5871180,76
224,data/porucase_chr.resdat,5871616,5871692,76
225,data/porucase_pal.resdat,5872128,5872180,52
226,data/pst_canm.resdat,5872640,5873076,436
227,data/pst_cell.resdat,5873152,5873588,436
228,data/pst_chr.resdat,5873664,5874724,1060
229,data/pst_h.cldat,5875200,5876608,1408
230,data/pst_pal.resdat,5876736,5876908,172
231,data/shop_canm.resdat,5877248,5877348,100
232,data/shop_cell.resdat,5877760,5877860,100
233,data/shop_chr.resdat,5878272,5878372,100
234,data/shop_h.cldat,5878784,5878912,128
235,data/shop_pal.resdat,5879296,5879372,76
236,data/smptm_koori.NANR,5879808,5879971,163
237,data/smptm_koori.NCER,5880320,5880535,215
238,data/smptm_koori.NCGR,5880832,5884080,3248
239,data/smptm_koori.NCLR,5884416,5884968,552
240,data/smptm_nemuri.NANR,5885440,5885551,111
241,data/smptm_nemuri.NCER,5885952,5886051,99
242,data/smptm_nemuri.NCGR,5886464,5887024,560
243,data/smptm_nemuri.NCLR,5887488,5888040,552
244,data/str2uni.bin,5888512,5893344,4832
245,data/t3_fl_b.nsbtx,5893632,5894224,592
246,data/t3_fl_p.nsbtx,5894656,5895248,592
247,data/t3_fl_r.nsbtx,5895680,5896272,592
248,data/t3_fl_y.nsbtx,5896704,5897296,592
249,data/test.atr,5897728,5899776,2048
250,data/tmap_block.dat,5899776,5904148,4372
251,data/tmap_flags.dat,5904384,5905116,732
252,data/tmapn_canm.resdat,5905408,5905556,148
253,data/tmapn_celact.cldat,5905920,5906112,192
254,data/tmapn_celact.txt,5906432,5906700,268
255,data/tmapn_cell.resdat,5906944,5907092,148
256,data/tmapn_chr.resdat,5907456,5907604,148
257,data/tmapn_pal.resdat,5907968,5908044,76
258,data/tmapn_res_canm.txt,5908480,5908650,170
259,data/tmapn_res_cell.txt,5908992,5909178,186
260,data/tmapn_res_chr.txt,5909504,5909724,220
261,data/tmapn_res_pal.txt,5910016,5910165,149
262,data/tradelist.narc,5910528,5921396,10868
263,data/trapmark.narc,5921792,5922404,612
264,data/tw_arc_etc.naix,5922816,5924301,1485
265,data/tw_arc_etc.narc,5924352,5946840,22488
266,data/ug_anim.narc,5946880,5970560,23680
267,data/ug_base_cur.nsbmd,5970944,5972628,1684
268,data/ug_boygirl.NCGR,5972992,5977648,4656
269,data/ug_boygirl.NCLR,5978112,5978664,552
270,data/ug_fossil.narc,5979136,5995224,16088
271,data/ug_hero.NANR,5995520,5995769,249
272,data/ug_hero.NCER,5996032,5996297,265
273,data/ug_hole.NANR,5996544,5996758,214
274,data/ug_hole.NCER,5997056,5997218,162
275,data/ug_hole.NCGR,5997568,5998896,1328
276,data/ug_parts.narc,5999104,6132124,133020
277,data/ug_radar.narc,6132224,6146664,14440
278,data/ug_trap.narc,6147072,6268844,121772
279,data/ugeffect_obj_graphic.narc,6268928,6288744,19816
280,data/uground_cell.resdat,6288896,6288972,76
281,data/uground_cellanm.resdat,6289408,6289484,76
282,data/uground_char.resdat,6289920,6289996,76
283,data/uground_char2.resdat,6290432,6290508,76
284,data/uground_clact.cldat,6290944,6291040,96
285,data/uground_pltt.resdat,6291456,6291508,52
286,data/uground_pltt2.resdat,6291968,6292020,52
287,data/ugroundeffect.naix,6292480,6293245,765
288,data/ugroundeffect.narc,6293504,6294116,612
289,data/underg_radar.narc,6294528,6336052,41524
290,data/UTF16.dat,4413952,4414442,490
291,data/utility.bin,6336512,7266364,929852
292,data/weather_sys.narc,7266816,7345136,78320
293,data/wifi.ncgr,7345152,7345728,576
294,data/wifip2pmatch.narc,7346176,7496804,150628
295,data/wm.ncgr,7497216,7497792,576
296,data/wm.nclr,7498240,7498792,552
297,data/mmodel/fldeff.narc,67532288,67853068,320780
298,data/mmodel/mmodel.narc,66065920,67531908,1465988
299,data/sound/pl_sound_data.sdat,14984192,22931200,7947008
300,data/sound/sound_data.sdat,7499264,14984032,7484768
301,debug/cb_edit/d_test.narc,95711744,95723488,11744
302,demo/egg/data/egg_data.narc,93196288,93207292,11004
303,demo/egg/data/particle/egg_demo_particle.narc,93207552,93217260,9708
304,demo/intro/intro.narc,95133696,95246316,112620
305,demo/intro/intro_tv.narc,95246336,95355524,109188
306,demo/shinka/data/particle/shinka_demo_particle.narc,95123968,95133332,9364
307,demo/syoujyou/syoujyou.narc,95355904,95395652,39748
308,dwc/utility.bin,101700608,102630460,929852
309,fielddata/areadata/area_data.narc,73246720,73247972,1252
310,fielddata/areadata/area_build_model/area_build.narc,73248256,73254724,6468
311,fielddata/areadata/area_build_model/areabm_texset.narc,73254912,74872760,1617848
312,fielddata/areadata/area_map_tex/map_tex_set.narc,74872832,76745516,1872684
313,fielddata/areadata/area_move_model/move_model_list.narc,76745728,76747160,1432
314,fielddata/build_model/build_model.narc,70971392,73226284,2254892
315,fielddata/build_model/build_model_matshp.dat,73226752,73233152,6400
316,fielddata/encountdata/d_enc_data.narc,70733312,70812420,79108
317,fielddata/encountdata/p_enc_data.narc,70812672,70891780,79108
318,fielddata/encountdata/pl_enc_data.narc,70892032,70971140,79108
319,fielddata/eventdata/zone_event.narc,70575104,70732904,157800
320,fielddata/land_data/land_data.narc,76747264,92873104,16125840
321,fielddata/mapmatrix/map_matrix.narc,73233408,73246460,13052
322,fielddata/maptable/mapname.bin,95081984,95091472,9488
323,fielddata/mm_list/move_model_list.narc,93217280,93217888,608
324,fielddata/script/scr_seq.narc,56525824,56830788,304964
325,fielddata/tornworld/tw_arc.narc,96155136,96162832,7696
326,fielddata/tornworld/tw_arc_attr.narc,96163328,96188052,24724
327,frontier/script/fr_script.narc,95727104,95769820,42716
328,graphic/btower.narc,56830976,56847864,16888
329,graphic/bucket.narc,56847872,57107568,259696
330,graphic/config_gra.narc,57107968,57108652,684
331,graphic/demo_trade.narc,57108992,57140504,31512
332,graphic/dendou_demo.narc,57140736,57142300,1564
333,graphic/dendou_pc.narc,57142784,57143452,668
334,graphic/ending.narc,57143808,58998752,1854944
335,graphic/ev_pokeselect.narc,58998784,59139364,140580
336,graphic/f_note_gra.narc,59139584,59150204,10620
337,graphic/field_board.narc,59150336,59193596,43260
338,graphic/field_encounteffect.narc,59193856,59458756,264900
339,graphic/fld_comact.narc,59459072,59459940,868
340,graphic/font.narc,59460096,60219936,759840
341,graphic/fontoam.narc,60220416,60221860,1444
342,graphic/footprint_board.narc,60221952,60258260,36308
343,graphic/hiden_effect.narc,60258304,60290580,32276
344,graphic/library_tv.narc,60291072,60544344,253272
345,graphic/lobby_news.narc,60544512,60608932,64420
346,graphic/mail_gra.narc,60609024,60715824,106800
347,graphic/menu_gra.narc,60716032,60735344,19312
348,graphic/mysign.narc,60735488,60739768,4280
349,graphic/ntag_gra.narc,60740096,60924016,183920
350,graphic/oekaki.narc,60924416,60929828,5412
351,graphic/opening.narc,60930048,60957628,27580
352,graphic/pl_font.narc,60957696,61717608,759912
353,graphic/pl_wifinote.narc,61718016,61763356,45340
354,graphic/pl_winframe.narc,61763584,61798628,35044
355,graphic/pmsi.narc,61798912,61811556,12644
356,graphic/poru_gra.narc,61811712,61838820,27108
357,graphic/poruact.narc,61838848,61844140,5292
358,graphic/porudemo.narc,61844480,61853292,8812
359,graphic/ranking.narc,61853696,61859016,5320
360,graphic/record.narc,61859328,61882304,22976
361,graphic/shop_gra.narc,61882368,61892976,10608
362,graphic/tmap_gra.narc,61893120,61978896,85776
363,graphic/unionobj2d_onlyfront.narc,61979136,61995084,15948
364,graphic/unionroom.narc,61995520,62000144,4624
365,graphic/waza_oshie_gra.narc,62000640,62012724,12084
366,graphic/wifi2dchar.narc,62012928,62834456,821528
367,graphic/wifi_lobby.narc,62834688,63646720,812032
368,graphic/wifi_lobby_other.narc,63646720,64010156,363436
369,graphic/wifi_unionobj.narc,64010240,64101476,91236
370,graphic/winframe.narc,64101888,64136932,35044
371,graphic/worldtimer.narc,64137216,64353828,216612
372,graphic/worldtrade.narc,64354304,64401108,46804
373,itemtool/itemdata/item_data.narc,64401408,64420908,19500
374,itemtool/itemdata/item_icon.narc,64421376,64821328,399952
375,itemtool/itemdata/nuts_data.narc,64821760,64823092,1332
376,itemtool/itemdata/pl_item_data.narc,64823296,64842972,19676
377,msgdata/msg.narc,25586176,27035232,1449056
378,msgdata/pl_msg.narc,22931456,25585804,2654348
379,msgdata/scenario/scr_msg.narc,27035648,27042396,6748
380,particledata/particledata.narc,92887552,92932792,45240
381,particledata/pl_etc/pl_etc_particle.narc,96267264,96288856,21592
382,particledata/pl_frontier/frontier_particle.narc,95770112,95834136,64024
383,particledata/pl_pokelist/pokelist_particle.narc,96188416,96194124,5708
384,pokeanime/pl_poke_anm.narc,93243904,93272404,28500
385,pokeanime/poke_anm.narc,93218304,93243716,25412
386,poketool/pl_pokezukan.narc,95093248,95094296,1048
387,poketool/pokezukan.narc,95091712,95092760,1048
388,poketool/shinzukan.narc,95094784,95095268,484
389,poketool/icongra/pl_poke_icon.narc,64843264,65428600,585336
390,poketool/icongra/poke_icon.narc,65428992,66006768,577776
391,poketool/personal/evo.narc,54472192,54498660,26468
392,poketool/personal/growtbl.narc,54498816,54502164,3348
393,poketool/personal/personal.narc,54419456,54445560,26104
394,poketool/personal/pl_growtbl.narc,54502400,54505748,3348
395,poketool/personal/pl_personal.narc,54445568,54472036,26468
396,poketool/personal/pms.narc,54505984,54507000,1016
397,poketool/personal/wotbl.narc,54507008,54526176,19168
398,poketool/poke_edit/pl_poke_data.narc,95667712,95711740,44028
399,poketool/pokeanm/pl_pokeanm.narc,95109632,95123524,13892
400,poketool/pokeanm/pokeanm.narc,95095296,95109188,13892
401,poketool/pokefoot/pokefoot.narc,66007040,66065644,58604
402,poketool/pokegra/dp_height.narc,27042816,27065924,23108
403,poketool/pokegra/dp_height_o.narc,27066368,27068052,1684
404,poketool/pokegra/height.narc,27068416,27091524,23108
405,poketool/pokegra/height_o.narc,27091968,27093892,1924
406,poketool/pokegra/otherpoke.narc,27094016,27984620,890604
407,poketool/pokegra/pl_otherpoke.narc,27984896,29006220,1021324
408,poketool/pokegra/pl_pokegra.narc,29006336,40785012,11778676
409,poketool/pokegra/poke_shadow.narc,40785408,40785964,556
410,poketool/pokegra/poke_shadow_ofx.narc,40786432,40786988,556
411,poketool/pokegra/poke_yofs.narc,40787456,40788012,556
412,poketool/pokegra/pokegra.narc,40788480,52567156,11778676
413,poketool/trainer/trdata.narc,54526464,54552500,26036
414,poketool/trainer/trpoke.narc,54552576,54581176,28600
415,poketool/trgra/trbgra.narc,52567552,52889180,321628
416,poketool/trgra/trfgra.narc,52889600,54419200,1529600
417,poketool/trmsg/trtbl.narc,54581248,54591296,10048
418,poketool/trmsg/trtblofs.narc,54591488,54593404,1916
419,poketool/waza/pl_waza_tbl.narc,56502272,56513628,11356
420,poketool/waza/waza_tbl.narc,56514048,56525404,11356
421,resource/kor/b_plist/b_plist_gra.narc,96289280,96363688,74408
422,resource/kor/b_plist/pl_b_plist_gra.narc,96364032,96438440,74408
423,resource/kor/bag/bag_gra.narc,96438784,96544372,105588
424,resource/kor/bag/pl_bag_gra.narc,96544768,96650356,105588
425,resource/kor/batt_rec/batt_rec_gra.narc,96650752,97247664,596912
426,resource/kor/battle_graphic/batt_obj.narc,97247744,97379396,131652
427,resource/kor/battle_graphic/pl_batt_obj.narc,97379840,97548928,169088
428,resource/kor/box/box.narc,97549312,97699492,150180
429,resource/kor/contest_graphic/contest_bg.narc,97699840,97780648,80808
430,resource/kor/contest_graphic/contest_obj.narc,97780736,97806020,25284
431,resource/kor/dress_up_graphic/imageclip.narc,97806336,98061872,255536
432,resource/kor/frontier_graphic/frontier_bg.narc,98062336,98892244,829908
433,resource/kor/frontier_graphic/frontier_obj.narc,98892288,98935200,42912
434,resource/kor/mysterycard/mystery.narc,98935296,98967980,32684
435,resource/kor/nameinput/namein.narc,98968064,98984152,16088
436,resource/kor/nutmixer/nutmixer.narc,98984448,99165428,180980
437,resource/kor/opening_demo/op_demo.narc,99165696,100366948,1201252
438,resource/kor/p_status/pl_pst_gra.narc,100367360,100494512,127152
439,resource/kor/p_status/pst_gra.narc,100494848,100622000,127152
440,resource/kor/pms_aikotoba/pms_aikotoba.narc,100622336,100623836,1500
441,resource/kor/pokelist/pl_plist_gra.narc,100623872,100663980,40108
442,resource/kor/pokelist/plist_gra.narc,100664320,100704428,40108
443,resource/kor/pokemon_trade/fld_trade.narc,100704768,100705172,404
444,resource/kor/poketch/poketch.narc,100705280,100764748,59468
445,resource/kor/scratch/scratch.narc,100765184,100927852,162668
446,resource/kor/slot/slot.narc,100928000,101016388,88388
447,resource/kor/title/titledemo.narc,101016576,101227576,211000
448,resource/kor/touch_subwindow/touch_subwindow.narc,101228032,101230456,2424
449,resource/kor/trainer_case/trainer_case.narc,101230592,101471552,240960
450,resource/kor/vs_demo/vs_demo_gra.narc,101471744,101516160,44416
451,resource/kor/wifi_lobby_minigame/wlmngm_tool.narc,101516288,101626548,110260
452,resource/kor/zukan/zukan.narc,101626880,101700416,73536
453,wazaeffect/we.arc,56107520,56363340,255820
454,wazaeffect/we_sub.narc,56363520,56375844,12324
455,wazaeffect/effectclact/wecell.narc,56453632,56459004,5372
456,wazaeffect/effectclact/wecellanm.narc,56459264,56463952,4688
457,wazaeffect/effectclact/wechar.narc,56464384,56497460,33076
458,wazaeffect/effectclact/wepltt.narc,56497664,56502144,4480
459,wazaeffect/effectdata/ball_particle.narc,67853312,68155692,302380
460,wazaeffect/effectdata/waza_particle.narc,68155904,70574996,2419092
