container_chain,depth,parent_narc_path,parent_file_id,rom_offset,size,sha256,bom,version,declared_file_size,header_size,block_count,member_count,named_member_count,validation
/application/balloon/graphic/balloon_gra.narc,0,/application/balloon/graphic/balloon_gra.narc,122,95834624,303008,128959a12885782631c1e47a9f96f1edb4480e944559f7d39f52c630b1dbefab,0xfffe,0x0100,303008,16,3,59,0,valid
/application/bucket/ballslow_data.narc,0,/application/bucket/ballslow_data.narc,123,96266752,420,1a5f793e0d663dcd8378ee1741b5c8f97fb2f718f2afdf1c008a35d9e68815d4,0xfffe,0x0100,420,16,3,1,0,valid
/application/custom_ball/data/cb_data.narc,0,/application/custom_ball/data/cb_data.narc,124,93135360,60812,4b25ee9d91e977fcbf4be1cab7d2ba15cfb6d58983d5ef5ebeaca137409506a1,0xfffe,0x0100,60812,16,3,295,0,valid
/application/custom_ball/edit/pl_cb_data.narc,0,/application/custom_ball/edit/pl_cb_data.narc,125,95723520,3132,f4e4742692bc6bc281907126d4fa5c4f16006b7a832dd75207cb52ba08fbdf5d,0xfffe,0x0100,3132,16,3,1,0,valid
/application/wifi_earth/wifi_earth.narc,0,/application/wifi_earth/wifi_earth.narc,126,92979200,152180,a529c990a715b9599316abf4049a14a23b4c18a019b69a41b2630fb921460ff6,0xfffe,0x0100,152180,16,3,8,0,valid
/application/wifi_earth/wifi_earth_place.narc,0,/application/wifi_earth/wifi_earth_place.narc,127,93131776,3272,067806345d96ce91f3cd76aaafddf4b6a915c512499fbf61f49e0368a59c7e84,0xfffe,0x0100,3272,16,3,19,0,valid
/application/wifi_lobby/map_conv/wflby_map.narc,0,/application/wifi_lobby/map_conv/wflby_map.narc,128,96137728,17040,5fefe70c66946659c32a8d48fcfa9fd8f1bed083f1bc5dd32b189c12b8eb85fc,0xfffe,0x0100,17040,16,3,26,0,valid
/application/zukanlist/zkn_data/zukan_data.narc,0,/application/zukanlist/zkn_data/zukan_data.narc,129,92933120,22660,0dd48591665b8cefffcd4185a1167bc7f7563abffb3056459f38bd1f420cc601,0xfffe,0x0100,22660,16,3,58,0,valid
/application/zukanlist/zkn_data/zukan_data_gira.narc,0,/application/zukanlist/zkn_data/zukan_data_gira.narc,130,92956160,22664,9c9fc1304a92510571df6990f7175f3a8e1dfe751ed440c65b20283e5bfa6cf8,0xfffe,0x0100,22664,16,3,58,0,valid
/application/zukanlist/zkn_data/zukan_enc_diamond.narc,0,/application/zukanlist/zkn_data/zukan_enc_diamond.narc,131,95452672,71456,b4262a3faaf64a1d3f535fb31a652a4731c8c4c3356a8eb1d27f9808904984d1,0xfffe,0x0100,71456,16,3,4954,0,valid
/application/zukanlist/zkn_data/zukan_enc_pearl.narc,0,/application/zukanlist/zkn_data/zukan_enc_pearl.narc,132,95524352,71432,97c126918497d52714069b2effdc1a87616df661eef313bbf7a3260b0cd9d4fc,0xfffe,0x0100,71432,16,3,4954,0,valid
/application/zukanlist/zkn_data/zukan_enc_platinum.narc,0,/application/zukanlist/zkn_data/zukan_enc_platinum.narc,133,95596032,71460,618fff4cf05edf5d66801b75162475897f91702d4e9a0b8137c61b5c3555c68f,0xfffe,0x0100,71460,16,3,4954,0,valid
/arc/area_win_gra.narc,0,/arc/area_win_gra.narc,134,93315072,33388,266076884172c17f463556079d9cecba023fcbee810016002c5695a55ce33eda,0xfffe,0x0100,33388,16,3,18,0,valid
/arc/balance_ball_gra.narc,0,/arc/balance_ball_gra.narc,135,93348864,141356,9b9260aab0d01c22db90407801cbe7279ac9985772f8f13384294cb2a416f32b,0xfffe,0x0100,141356,16,3,34,0,valid
/arc/bm_anime.narc,0,/arc/bm_anime.narc,136,93490688,73040,db2aec4c463f5afb2f7e2a425cf7d0b062f5eddf9e14ce9da94e5d0ad4ff14d9,0xfffe,0x0100,73040,16,3,98,0,valid
/arc/bm_anime_list.narc,0,/arc/bm_anime_list.narc,137,93563904,16572,536f4c93d6ccde5fa0956f1331cfb65e9edba535a8375f964a2e4fca5adeac24,0xfffe,0x0100,16572,16,3,590,0,valid
/arc/codein_gra.narc,0,/arc/codein_gra.narc,138,93580800,93268,7afdf9b3a07bf56fb7f88dba385eff34b3df24c82e685400c39ab95a52acaad9,0xfffe,0x0100,93268,16,3,23,0,valid
/arc/demo_tengan_gra.narc,0,/arc/demo_tengan_gra.narc,139,93674496,953056,43161092371649c065ea98f3677a46f69248801919216bfe00a69b5a789bb797,0xfffe,0x0100,953056,16,3,85,0,valid
/arc/email_gra.narc,0,/arc/email_gra.narc,140,94627840,26124,435d7b385476242b11085ea19e0d2fad8cab411ce9a486b8cb30abf1088e41b7,0xfffe,0x0100,26124,16,3,13,0,valid
/arc/encdata_ex.narc,0,/arc/encdata_ex.narc,141,94654464,1828,a5d3e77378c89119f936f3971c4f8f5db609cd575a29b627350d389e4260ca71,0xfffe,0x0100,1828,16,3,12,0,valid
/arc/manene.narc,0,/arc/manene.narc,142,94656512,257844,eac58a191d8b5ae095cfa875614fd73a54f65b05cf38f0efa4b04a06535bfc9e,0xfffe,0x0100,257844,16,3,86,0,valid
/arc/plgym_ghost.narc,0,/arc/plgym_ghost.narc,143,94914560,4936,fea0e03cf050766290a9879d3a879a9a1b5233638f659a16d856357eeceb0d88,0xfffe,0x0100,4936,16,3,5,0,valid
/arc/ppark.narc,0,/arc/ppark.narc,144,94919680,3020,78ed2c1252ca3d76324b60f2fedbb7f20bc84e3ac08f55f87aa1e7ac38173528,0xfffe,0x0100,3020,16,3,1,0,valid
/arc/ship_demo.narc,0,/arc/ship_demo.narc,145,94922752,95064,b596db0ce389ad0b3bbb3dbe4112f8e9306a3b7519036eeac6cb0ff7f36931fd,0xfffe,0x0100,95064,16,3,20,0,valid
/arc/ship_demo_pl.narc,0,/arc/ship_demo_pl.narc,146,95017984,62036,51ed04d5368d25939554343d4d0f07911e25475ee36177e2b647bf351bc29efb,0xfffe,0x0100,62036,16,3,8,0,valid
/arc/tv.narc,0,/arc/tv.narc,147,95080448,1160,a3359d3195b49df46f6cb06007f3eac826231cce9cec91bb6dfecd281bb7c7d3,0xfffe,0x0100,1160,16,3,3,0,valid
/battle/b_pl_stage/pl_bsdpm.narc,0,/battle/b_pl_stage/pl_bsdpm.narc,148,96194560,11524,756b1456bc7e219e4c9d13f79d61fd2e7c1911a360bd31a88ae7500f384c67b6,0xfffe,0x0100,11524,16,3,478,0,valid
/battle/b_pl_tower/pl_btdpm.narc,0,/battle/b_pl_tower/pl_btdpm.narc,149,96206336,22876,db14c00f0c288755fff0d10728605d612aa64fa85ecde42eaff55de16662d9ec,0xfffe,0x0100,22876,16,3,951,0,valid
/battle/b_pl_tower/pl_btdtr.narc,0,/battle/b_pl_tower/pl_btdtr.narc,150,96229376,37160,69d17bcc62e4bb0f246bd6546d1299205413ff1e12bd9655b19f3735a21419b4,0xfffe,0x0100,37160,16,3,315,0,valid
/battle/b_tower/btdpm.narc,0,/battle/b_tower/btdpm.narc,151,95395840,22876,776d9ad316bd6a9d97f45ca6dc5405dbf2e3e96f75a36118619bcad4081bec6c,0xfffe,0x0100,22876,16,3,951,0,valid
/battle/b_tower/btdtr.narc,0,/battle/b_tower/btdtr.narc,152,95418880,33728,9d8e016906e413d77a3a30856764f7605c03b9c0d956601e6262a4918b0f0040,0xfffe,0x0100,33728,16,3,307,0,valid
/battle/graphic/b_bag_gra.narc,0,/battle/graphic/b_bag_gra.narc,153,54593536,20228,1bad36d04c4462f5e43df643f0f2bb388f0230e917253d66401db9e2ae39ed7b,0xfffe,0x0100,20228,16,3,4,0,valid
/battle/graphic/batt_bg.narc,0,/battle/graphic/batt_bg.narc,154,54614016,640124,bcf2c24ae32b38a546b9b293b16af3782b706fd6dc5ec9d58c1e245655ce05ab,0xfffe,0x0100,640124,16,3,257,0,valid
/battle/graphic/pl_batt_bg.narc,0,/battle/graphic/pl_batt_bg.narc,155,55254528,852772,6a6d0ce93ba75c6a6fd505eb036dad677de74b696015277f30e3baece55c57b0,0xfffe,0x0100,852772,16,3,342,0,valid
/battle/skill/be_seq.narc,0,/battle/skill/be_seq.narc,156,56376320,16940,03157b91d68c906f5485345d6558398202df83875d233fab2e2fa4ca556d2b17,0xfffe,0x0100,16940,16,3,277,0,valid
/battle/skill/sub_seq.narc,0,/battle/skill/sub_seq.narc,157,56393728,53196,f92484a1b43efb7458e5c621da02e126aa38e547d609dbd109a450a4189f0d8d,0xfffe,0x0100,53196,16,3,297,0,valid
/battle/skill/waza_seq.narc,0,/battle/skill/waza_seq.narc,158,56446976,6416,ac543204e98c81493f8cdc88eeb0397d49c3eef24c120a187482bcce517718e2,0xfffe,0x0100,6416,16,3,501,0,valid
/battle/tr_ai/tr_ai_seq.narc,0,/battle/tr_ai/tr_ai_seq.narc,159,93272576,42448,74b17cd373c63c5aa9fa5e7e909c7037f768b443c726eee51ed0f0278efd709d,0xfffe,0x0100,42448,16,3,1,0,valid
/contest/data/contest_data.narc,0,/contest/data/contest_data.narc,160,92873216,14140,7cf7c17d07b805fc4d6c65b7b23e6d25b0b94e87f5cf0d729c308ed2b1b9496f,0xfffe,0x0100,14140,16,3,15,0,valid
/data/arealight.narc,0,/data/arealight.narc,161,4414464,8376,a8cf7c77d702ad19247950ae5390c484fcd5abbd80592a9d1196cf9ed39e452d,0xfffe,0x0100,8376,16,3,4,0,valid
/data/demo_climax.narc,0,/data/demo_climax.narc,172,4442112,472620,18d011c800914e0410979a16996dcdf6cca15ba384aa85d9973a769ab6def94e,0xfffe,0x0100,472620,16,3,20,0,valid
/data/field_cutin.narc,0,/data/field_cutin.narc,185,5395968,23072,e98a6112a721d81460c9b2eaa154f0eb53bf54f77904b921b218f2d98ca1f135,0xfffe,0x0100,23072,16,3,19,0,valid
/data/fldtanime.narc,0,/data/fldtanime.narc,197,5425152,154640,d54244a74840303dff286cb6d06d784b2e7e890ec6986753fddc1a10b3eacf40,0xfffe,0x0100,154640,16,3,53,0,valid
/data/guru2.narc,0,/data/guru2.narc,202,5619200,191724,8c3a803c0a2c3d5d5600c5d281df52dca9c39f3225ffac1e5430873cc4a439ba,0xfffe,0x0100,191724,16,3,27,0,valid
/data/tradelist.narc,0,/data/tradelist.narc,262,5910528,10868,69ff435241dccf7824b576313f539c64ee48d0b3d148f2926e8f8abc9dca0f5b,0xfffe,0x0100,10868,16,3,13,0,valid
/data/trapmark.narc,0,/data/trapmark.narc,263,5921792,612,6f577df39a0bc2efb3605011ec4b424575c4316d5c361f88a461d7ac89455a79,0xfffe,0x0100,612,16,3,1,0,valid
/data/tw_arc_etc.narc,0,/data/tw_arc_etc.narc,265,5924352,22488,ad6734f1fc98d8db9b787e0e3f3bd7202b02cf1f2e57b900e605ffba43f50424,0xfffe,0x0100,22488,16,3,25,0,valid
/data/ug_anim.narc,0,/data/ug_anim.narc,266,5946880,23680,cd49b51638dcf62c8f98725b613496d430b88ceab8c890d152f615548c69fb89,0xfffe,0x0100,23680,16,3,8,0,valid
/data/ug_fossil.narc,0,/data/ug_fossil.narc,270,5979136,16088,4f48a58a7eaedfe8274d27bc35ca478f9d66e677a8fe766f3fd8ceaaf6642236,0xfffe,0x0100,16088,16,3,3,0,valid
/data/ug_parts.narc,0,/data/ug_parts.narc,276,5999104,133020,6aef71920a64161cb0879222c36a89a2b6a2be34db605b8ad68766c2b5f2c68d,0xfffe,0x0100,133020,16,3,116,0,valid
/data/ug_radar.narc,0,/data/ug_radar.narc,277,6132224,14440,38c022b32cbfb6be13a80aef230dceb386785284da947a1357a44d8a6019fec2,0xfffe,0x0100,14440,16,3,7,0,valid
/data/ug_trap.narc,0,/data/ug_trap.narc,278,6147072,121772,41fd698d83b7f883100b7cd2d2796486ac6fd2293da4736e1fda7bbaee571fc3,0xfffe,0x0100,121772,16,3,53,0,valid
/data/ugeffect_obj_graphic.narc,0,/data/ugeffect_obj_graphic.narc,279,6268928,19816,07cd66cad70cdd6923f3d34104357501e0ea3b7ff63abc4ebdaacbbcb3549ec7,0xfffe,0x0100,19816,16,3,9,0,valid
/data/ugroundeffect.narc,0,/data/ugroundeffect.narc,288,6293504,612,904264a60b0b974ea408b3b491bc86a53327f23fe743b0aac731e3ff432b4297,0xfffe,0x0100,612,16,3,7,0,valid
/data/underg_radar.narc,0,/data/underg_radar.narc,289,6294528,41524,f02b453a55678f112c31b7a78b794d132b25212641a767f83f3cf42017cd704d,0xfffe,0x0100,41524,16,3,7,0,valid
/data/weather_sys.narc,0,/data/weather_sys.narc,292,7266816,78320,acd4b6b193287ba420037be4ed56567d4c4ab2a1166cc815ccb67398b822905e,0xfffe,0x0100,78320,16,3,65,0,valid
/data/wifip2pmatch.narc,0,/data/wifip2pmatch.narc,294,7346176,150628,467e8dc878fd233e8a5867155c615ebbfbe2ce75fe569ee3adaa21e5da55f25e,0xfffe,0x0100,150628,16,3,47,0,valid
/data/mmodel/fldeff.narc,0,/data/mmodel/fldeff.narc,297,67532288,320780,881770546967016992de051b06458b2a6599264f2d9c77408aafa8b25c252706,0xfffe,0x0100,320780,16,3,201,0,valid
/data/mmodel/mmodel.narc,0,/data/mmodel/mmodel.narc,298,66065920,1465988,47ca5ab1b49a3f177b2d43e8fbdf05e74172883bc6dd0c648d9f3fb92f5cd224,0xfffe,0x0100,1465988,16,3,470,0,valid
/debug/cb_edit/d_test.narc,0,/debug/cb_edit/d_test.narc,301,95711744,11744,be2ede7ab87e66d4ac5f8d33cbdeffb8730123546a06e90150ec064fe1d9965d,0xfffe,0x0100,11744,16,3,12,0,valid
/demo/egg/data/egg_data.narc,0,/demo/egg/data/egg_data.narc,302,93196288,11004,c4fcc55205b9fbc52a00fad3451b6f8766e94bb05f90578ff7f66cc78ea8a134,0xfffe,0x0100,11004,16,3,11,0,valid
/demo/egg/data/particle/egg_demo_particle.narc,0,/demo/egg/data/particle/egg_demo_particle.narc,303,93207552,9708,97429870ad23f453d0d10aae69d899ddc9825b2ecd6fe06917563d9f54b4819a,0xfffe,0x0100,9708,16,3,2,0,valid
/demo/intro/intro.narc,0,/demo/intro/intro.narc,304,95133696,112620,f3bc0fa18b54f7b65dad617c52e04699eb3e97889fe6ecb564e1cb58f6dc1964,0xfffe,0x0100,112620,16,3,50,0,valid
/demo/intro/intro_tv.narc,0,/demo/intro/intro_tv.narc,305,95246336,109188,05fe8f3d86de699f4c02c3a4aa5b23acac68427276a2686ef5b969ad54e53dae,0xfffe,0x0100,109188,16,3,10,0,valid
/demo/shinka/data/particle/shinka_demo_particle.narc,0,/demo/shinka/data/particle/shinka_demo_particle.narc,306,95123968,9364,4519249fa8c3c6da9c20579dde3a6447aaa77b05f5c33f8f92eff5cbdbd4a3b1,0xfffe,0x0100,9364,16,3,2,0,valid
/demo/syoujyou/syoujyou.narc,0,/demo/syoujyou/syoujyou.narc,307,95355904,39748,9b07b799c2018957815afcfa29706a5c0e0df679492e955d3fde14c31af20b50,0xfffe,0x0100,39748,16,3,12,0,valid
/fielddata/areadata/area_data.narc,0,/fielddata/areadata/area_data.narc,309,73246720,1252,1e5689af536504ecf45addf926840800aca321665a57a38a164864cd2f68df5e,0xfffe,0x0100,1252,16,3,75,0,valid
/fielddata/areadata/area_build_model/area_build.narc,0,/fielddata/areadata/area_build_model/area_build.narc,310,73248256,6468,d259b1f9531663d2cc62536aa7fe15e6c94a1ce6979876023207e51b6a9906f0,0xfffe,0x0100,6468,16,3,71,0,valid
/fielddata/areadata/area_build_model/areabm_texset.narc,0,/fielddata/areadata/area_build_model/areabm_texset.narc,311,73254912,1617848,92fa4b336e562a32efe8f6d51ff1aa56e0c8d54a1d07ac48a169cf5e94ec8fcb,0xfffe,0x0100,1617848,16,3,71,0,valid
/fielddata/areadata/area_map_tex/map_tex_set.narc,0,/fielddata/areadata/area_map_tex/map_tex_set.narc,312,74872832,1872684,301b70271068a43e7be0c88deaa3c93d6b2f7686335009cbe301bb1f37b801bd,0xfffe,0x0100,1872684,16,3,74,0,valid
/fielddata/areadata/area_move_model/move_model_list.narc,0,/fielddata/areadata/area_move_model/move_model_list.narc,313,76745728,1432,d1a5cb3c1fe72d043596329283008be4f1c9468d0532cee366717e8c37800493,0xfffe,0x0100,1432,16,3,75,0,valid
/fielddata/build_model/build_model.narc,0,/fielddata/build_model/build_model.narc,314,70971392,2254892,047ac52db4d091d3b21d1d867d2a0337a54e390c1b45cbd1333ecd7132e67f64,0xfffe,0x0100,2254892,16,3,590,0,valid
/fielddata/encountdata/d_enc_data.narc,0,/fielddata/encountdata/d_enc_data.narc,316,70733312,79108,8872da981014c6da71a0ba6d20ad05ccefafa3e1895d9b1295f588fd7af64080,0xfffe,0x0100,79108,16,3,183,0,valid
/fielddata/encountdata/p_enc_data.narc,0,/fielddata/encountdata/p_enc_data.narc,317,70812672,79108,41be039d459f5eeacfb537a79d3237cfe3b0ba9d3e4310f40d6d2c20853839e6,0xfffe,0x0100,79108,16,3,183,0,valid
/fielddata/encountdata/pl_enc_data.narc,0,/fielddata/encountdata/pl_enc_data.narc,318,70892032,79108,44e1b7307638a509bee6e7fc4a2085267add44d12fe2d590559d69fabdbc1687,0xfffe,0x0100,79108,16,3,183,0,valid
/fielddata/eventdata/zone_event.narc,0,/fielddata/eventdata/zone_event.narc,319,70575104,157800,6ed2f4971ceb15358f0a1a6b108d564dd8ae58b174025905bad691ebdef97ff1,0xfffe,0x0100,157800,16,3,534,0,valid
/fielddata/land_data/land_data.narc,0,/fielddata/land_data/land_data.narc,320,76747264,16125840,4ef00e014500a2974b5579e117401bfe2f40d9fa71bc6b14d54a39b3dd3c00e0,0xfffe,0x0100,16125840,16,3,666,0,valid
/fielddata/mapmatrix/map_matrix.narc,0,/fielddata/mapmatrix/map_matrix.narc,321,73233408,13052,ba11ef91592014659663d762a86bfe85a1f02866b96c348b2ad59e4aed66b6c7,0xfffe,0x0100,13052,16,3,289,0,valid
/fielddata/mm_list/move_model_list.narc,0,/fielddata/mm_list/move_model_list.narc,323,93217280,608,3a424fe0f8e51ac30768ebcfc4eee5dbcea1fd8559ff725fd8d51ccc3e7fce8b,0xfffe,0x0100,608,16,3,16,0,valid
/fielddata/script/scr_seq.narc,0,/fielddata/script/scr_seq.narc,324,56525824,304964,01236311c10c0a2825fb5778d7f0c4ec6a1393be31ec045678dab4cef0cb3c3f,0xfffe,0x0100,304964,16,3,1124,0,valid
/fielddata/tornworld/tw_arc.narc,0,/fielddata/tornworld/tw_arc.narc,325,96155136,7696,ff9e88756cdadf16ff18276efb6bdeff59fc8a71bf65777b8e7e7f4bca277a8a,0xfffe,0x0100,7696,16,3,11,0,valid
/fielddata/tornworld/tw_arc_attr.narc,0,/fielddata/tornworld/tw_arc_attr.narc,326,96163328,24724,29c8301cb3c7de8b4549cd37eb8f8472dfce82d0992008749a047a308455b0c9,0xfffe,0x0100,24724,16,3,12,0,valid
/frontier/script/fr_script.narc,0,/frontier/script/fr_script.narc,327,95727104,42716,6d96fcc1452cfec681ab618aa5595848607b43996c451a398baf63ce1827875f,0xfffe,0x0100,42716,16,3,11,0,valid
/graphic/btower.narc,0,/graphic/btower.narc,328,56830976,16888,6913c3f0f7df4d60b282b317812e5c496232adc6eae0dccee86d0aaca81df218,0xfffe,0x0100,16888,16,3,9,0,valid
/graphic/bucket.narc,0,/graphic/bucket.narc,329,56847872,259696,5e831412b0cf12ed24c44fc063542cea205b113cca341e3697586f32495098af,0xfffe,0x0100,259696,16,3,47,0,valid
/graphic/config_gra.narc,0,/graphic/config_gra.narc,330,57107968,684,cd4fdb2d299ace3698da3ca72f4acf961759128fa4fd08dc3afe50c0396778e6,0xfffe,0x0100,684,16,3,3,0,valid
/graphic/demo_trade.narc,0,/graphic/demo_trade.narc,331,57108992,31512,84c5643070177367c342b8d5a18c679639b03c305b77933fb007a929e74f99cf,0xfffe,0x0100,31512,16,3,28,0,valid
/graphic/dendou_demo.narc,0,/graphic/dendou_demo.narc,332,57140736,1564,d3f76c5c4cc8c5fa92b659a0e8442e36eb9523d8f4fd33144f684926995e9e95,0xfffe,0x0100,1564,16,3,5,0,valid
/graphic/dendou_pc.narc,0,/graphic/dendou_pc.narc,333,57142784,668,3844b3b7482c93aa0e6397e3ed09f390e61e10bbc839b902ed26760b30c68dae,0xfffe,0x0100,668,16,3,3,0,valid
/graphic/ending.narc,0,/graphic/ending.narc,334,57143808,1854944,20989e0c37f1e6683c7d2464835256297405cf3165edf76f24062a508e401b0a,0xfffe,0x0100,1854944,16,3,103,0,valid
/graphic/ev_pokeselect.narc,0,/graphic/ev_pokeselect.narc,335,58998784,140580,57f6359243b2e663b5a23aa525f2719f0f2333e419580d4dbb227fc015be02b0,0xfffe,0x0100,140580,16,3,18,0,valid
/graphic/f_note_gra.narc,0,/graphic/f_note_gra.narc,336,59139584,10620,3a1b1600f28697f037f39be18786cb600a020bebba6e26e85971bb813e0e2b3a,0xfffe,0x0100,10620,16,3,6,0,valid
/graphic/field_board.narc,0,/graphic/field_board.narc,337,59150336,43260,d680053f0afe3c8a3fac35900b8d4e829b66f27d6191dddd37895619967fd85b,0xfffe,0x0100,43260,16,3,52,0,valid
/graphic/field_encounteffect.narc,0,/graphic/field_encounteffect.narc,338,59193856,264900,0b3b4ed141a79769ee103e0710e927edaf2d44deae56113e91bdabd9dc55aead,0xfffe,0x0100,264900,16,3,155,0,valid
/graphic/fld_comact.narc,0,/graphic/fld_comact.narc,339,59459072,868,1ca3e421c0ad0a380bc6ecb063aba373097af1f80e70113c87f245185b7bc437,0xfffe,0x0100,868,16,3,4,0,valid
/graphic/font.narc,0,/graphic/font.narc,340,59460096,759840,97b5d1de58b7e625daf6b5894635bc139dab283ff060976c8dfe8fe4e6c41d6a,0xfffe,0x0100,759840,16,3,10,0,valid
/graphic/fontoam.narc,0,/graphic/fontoam.narc,341,60220416,1444,5ccff2254dbf1fe7df12be151d74de7b5a6c6d44c49d3a3fc0cee77419ed1fb7,0xfffe,0x0100,1444,16,3,12,0,valid
/graphic/footprint_board.narc,0,/graphic/footprint_board.narc,342,60221952,36308,8d717b0349d66aee622b03653e4ef3827ab3110ddf0c6927633c0d6d8e905953,0xfffe,0x0100,36308,16,3,30,0,valid
/graphic/hiden_effect.narc,0,/graphic/hiden_effect.narc,343,60258304,32276,85d834c089435928fcea971930c872f0cb62040ddd421a25c8e4dda91910a7dc,0xfffe,0x0100,32276,16,3,15,0,valid
/graphic/library_tv.narc,0,/graphic/library_tv.narc,344,60291072,253272,d6ac6da421d558c9a4d858155717df3e749f20c6d98cd0fc089841b3c17c7e9b,0xfffe,0x0100,253272,16,3,5,0,valid
/graphic/lobby_news.narc,0,/graphic/lobby_news.narc,345,60544512,64420,e942ae3022b4020b85e960e288efacbd54946fd52b0d7a93f01fc6cbafe811dd,0xfffe,0x0100,64420,16,3,7,0,valid
/graphic/mail_gra.narc,0,/graphic/mail_gra.narc,346,60609024,106800,e0c78256d8335716657696d8363b71671606d5634d69e0cfdeb188ee9fde7655,0xfffe,0x0100,106800,16,3,37,0,valid
/graphic/menu_gra.narc,0,/graphic/menu_gra.narc,347,60716032,19312,85984abae7f2d5765c97dd596512d42212029ad56892c6c2c973e5450ec928fd,0xfffe,0x0100,19312,16,3,11,0,valid
/graphic/mysign.narc,0,/graphic/mysign.narc,348,60735488,4280,f36c892150dee7567ade0c901eb52ae2fa9d814a53fdeddfa63dd48c46cdc94f,0xfffe,0x0100,4280,16,3,10,0,valid
/graphic/ntag_gra.narc,0,/graphic/ntag_gra.narc,349,60740096,183920,1b969b5e73d02857755726622b61c5251dfa3f068a410296d193d22fa6d44d6f,0xfffe,0x0100,183920,16,3,134,0,valid
/graphic/oekaki.narc,0,/graphic/oekaki.narc,350,60924416,5412,a81ac3264060405b30d9393f0dfc6bde237479fed739e124310e09991a5be4a1,0xfffe,0x0100,5412,16,3,9,0,valid
/graphic/opening.narc,0,/graphic/opening.narc,351,60930048,27580,a7f697f95321dcfb2e9c8f155daa0b032932c42215a627e0e2397cd455c61d20,0xfffe,0x0100,27580,16,3,21,0,valid
/graphic/pl_font.narc,0,/graphic/pl_font.narc,352,60957696,759912,f6434c57cf00f1a4febb78e2820a111e10410e8a2117500910530bffa6269725,0xfffe,0x0100,759912,16,3,10,0,valid
/graphic/pl_wifinote.narc,0,/graphic/pl_wifinote.narc,353,61718016,45340,e61f007253e472e324b2c6bf03c94df16559ec5d963adc6ea7d0bbb89988b2f0,0xfffe,0x0100,45340,16,3,19,0,valid
/graphic/pl_winframe.narc,0,/graphic/pl_winframe.narc,354,61763584,35044,a6299f58d33c4a1c6bb808b068c79bb8a96c15118e2eb1fc42288f8ca5776db7,0xfffe,0x0100,35044,16,3,50,0,valid
/graphic/pmsi.narc,0,/graphic/pmsi.narc,355,61798912,12644,0654fe9ef26ab42e224dc0992aa02776834522c7902edb7fe4ef1a0db5db7a5e,0xfffe,0x0100,12644,16,3,26,0,valid
/graphic/poru_gra.narc,0,/graphic/poru_gra.narc,356,61811712,27108,9b60ede5071fed56136a5fcd31e062f0ed0fa58f3d02e0471664ea8400c8371f,0xfffe,0x0100,27108,16,3,12,0,valid
/graphic/poruact.narc,0,/graphic/poruact.narc,357,61838848,5292,3690bbdc63e30a2ed1a8b7082593f0aab37c1ee3bab29c415612ef9424b356b8,0xfffe,0x0100,5292,16,3,32,0,valid
/graphic/porudemo.narc,0,/graphic/porudemo.narc,358,61844480,8812,2a62543af8b1f73ecca4a902b1e7d384c4785dc865923d0a08ae00c013f01d65,0xfffe,0x0100,8812,16,3,6,0,valid
/graphic/ranking.narc,0,/graphic/ranking.narc,359,61853696,5320,41edac6df8e779a1fa6dbab5e60856b931050533f461cd6765ee5cdb5bc43aae,0xfffe,0x0100,5320,16,3,4,0,valid
/graphic/record.narc,0,/graphic/record.narc,360,61859328,22976,8584c458b83be6acc90d16a94d606576ae0d8ca06a82d893be39f2c0ddce429f,0xfffe,0x0100,22976,16,3,15,0,valid
/graphic/shop_gra.narc,0,/graphic/shop_gra.narc,361,61882368,10608,f719619e55739ba399779231b1aca23ca8a7472255a58f5cc432cf72aac0b678,0xfffe,0x0100,10608,16,3,12,0,valid
/graphic/tmap_gra.narc,0,/graphic/tmap_gra.narc,362,61893120,85776,5685b1b9bad1bef0d69d4a3ecfb624aa3b54f91b36e7eaa474d4bbd2412e9cff,0xfffe,0x0100,85776,16,3,30,0,valid
/graphic/unionobj2d_onlyfront.narc,0,/graphic/unionobj2d_onlyfront.narc,363,61979136,15948,52433ee18083e47020ce2e58c2cb263cda14f4e8d724f2dd3e0b0991d9e6364c,0xfffe,0x0100,15948,16,3,57,0,valid
/graphic/unionroom.narc,0,/graphic/unionroom.narc,364,61995520,4624,18af9494db8ab737185c930bb3ffa6db52b3b11a643108bc1eae48305ad24428,0xfffe,0x0100,4624,16,3,8,0,valid
/graphic/waza_oshie_gra.narc,0,/graphic/waza_oshie_gra.narc,365,62000640,12084,6fca079a9b8ac505a6825bf703423bba492e14eac7c292f181c702761c572dd1,0xfffe,0x0100,12084,16,3,13,0,valid
/graphic/wifi2dchar.narc,0,/graphic/wifi2dchar.narc,366,62012928,821528,1add9c83f3bd71f566b5864539716fbd2e5eb29a63a942d55302256501a437cd,0xfffe,0x0100,821528,16,3,315,0,valid
/graphic/wifi_lobby.narc,0,/graphic/wifi_lobby.narc,367,62834688,812032,8422c63b78b94efdbb737babd50873c35892396de643ef46cfaa5d01e9356c15,0xfffe,0x0100,812032,16,3,204,0,valid
/graphic/wifi_lobby_other.narc,0,/graphic/wifi_lobby_other.narc,368,63646720,363436,199e9668c71681416af4d065537d2117b7f71731e8d1554992897d6049be1a8e,0xfffe,0x0100,363436,16,3,208,0,valid
/graphic/wifi_unionobj.narc,0,/graphic/wifi_unionobj.narc,369,64010240,91236,de651e7bb614bae1eed2d03787129691f71bf4553af73a816b709dadc0a8f486,0xfffe,0x0100,91236,16,3,49,0,valid
/graphic/winframe.narc,0,/graphic/winframe.narc,370,64101888,35044,656ad458e1a40d6f30adcfa01f958ab01b205721e28ce804833f3cc5c95dfede,0xfffe,0x0100,35044,16,3,50,0,valid
/graphic/worldtimer.narc,0,/graphic/worldtimer.narc,371,64137216,216612,13e502908754b831ef43517d5b8762490756f50e764e15a6f22aaabf7264e4a0,0xfffe,0x0100,216612,16,3,57,0,valid
/graphic/worldtrade.narc,0,/graphic/worldtrade.narc,372,64354304,46804,12a39400dfeeda7cb9937c026f4354237b65670ca535ba0a21d8deaf162cbad1,0xfffe,0x0100,46804,16,3,38,0,valid
/itemtool/itemdata/item_data.narc,0,/itemtool/itemdata/item_data.narc,373,64401408,19500,a6cfe6df97f24b191d782fe0ab14a9c067a9b496afd12180b4904f56e8740c7e,0xfffe,0x0100,19500,16,3,442,0,valid
/itemtool/itemdata/item_icon.narc,0,/itemtool/itemdata/item_icon.narc,374,64421376,399952,3283f84a96e8a9726808a3867afaa2e98788986176afac1ab1a266633d60a30b,0xfffe,0x0100,399952,16,3,711,0,valid
/itemtool/itemdata/nuts_data.narc,0,/itemtool/itemdata/nuts_data.narc,375,64821760,1332,671d1d33478a40e89f5d9811827649b880666321bf7dfe83b4c7be4fce69c97e,0xfffe,0x0100,1332,16,3,64,0,valid
/itemtool/itemdata/pl_item_data.narc,0,/itemtool/itemdata/pl_item_data.narc,376,64823296,19676,7e08d3e9a9403d41a340446a6d5d4308c643656462948777928c60e4afd5350f,0xfffe,0x0100,19676,16,3,446,0,valid
/msgdata/msg.narc,0,/msgdata/msg.narc,377,25586176,1449056,338980041f88e4efafab074450286e0f1f0a0349076a794a773d726939c166e0,0xfffe,0x0100,1449056,16,3,612,0,valid
/msgdata/pl_msg.narc,0,/msgdata/pl_msg.narc,378,22931456,2654348,31a58fe9f085d79f74469d353787c2a53c50879c94c218d822b8700ff3f9095a,0xfffe,0x0100,2654348,16,3,714,0,valid
/msgdata/scenario/scr_msg.narc,0,/msgdata/scenario/scr_msg.narc,379,27035648,6748,89e84ab4475c85ad4358761c89c69c16f51c024041d2081a1da6ad1ad51b7cba,0xfffe,0x0100,6748,16,3,16,0,valid
/particledata/particledata.narc,0,/particledata/particledata.narc,380,92887552,45240,78d15ced7d57f02cedbb1a7fc5d72d69fe8442d8968179bfe3672c62c1250e7a,0xfffe,0x0100,45240,16,3,6,0,valid
/particledata/pl_etc/pl_etc_particle.narc,0,/particledata/pl_etc/pl_etc_particle.narc,381,96267264,21592,110f8f54bef229000d3cffdc00278bc5a72982f20a8a17f12e10db47595edad5,0xfffe,0x0100,21592,16,3,2,0,valid
/particledata/pl_frontier/frontier_particle.narc,0,/particledata/pl_frontier/frontier_particle.narc,382,95770112,64024,a4f9e4985c64b844909cfc2008cfcfc9f03fe5fc149e81fc3d49667a7db9285a,0xfffe,0x0100,64024,16,3,7,0,valid
/particledata/pl_pokelist/pokelist_particle.narc,0,/particledata/pl_pokelist/pokelist_particle.narc,383,96188416,5708,2c8ec477064fc89884f0fb6689b19513514443f3256f0ebf3d88c9a0dbb15324,0xfffe,0x0100,5708,16,3,2,0,valid
/pokeanime/pl_poke_anm.narc,0,/pokeanime/pl_poke_anm.narc,384,93243904,28500,2299c76f657dc870b240264e3bedf25e931ee3adc767a0c9a28b4ff20409a869,0xfffe,0x0100,28500,16,3,143,0,valid
/pokeanime/poke_anm.narc,0,/pokeanime/poke_anm.narc,385,93218304,25412,32606834ed99b654238499e3b42610d984b61c2cf3f67368f091ccf58e9af217,0xfffe,0x0100,25412,16,3,134,0,valid
/poketool/pl_pokezukan.narc,0,/poketool/pl_pokezukan.narc,386,95093248,1048,19c9768945fb460838662a737bb3f887404fd5c010ab42a6c4ff652716ce3ad7,0xfffe,0x0100,1048,16,3,1,0,valid
/poketool/pokezukan.narc,0,/poketool/pokezukan.narc,387,95091712,1048,a8072ca83eccb60cc3d94b0c7be53807e9d39e0895bc82551fd168db54eea381,0xfffe,0x0100,1048,16,3,1,0,valid
/poketool/shinzukan.narc,0,/poketool/shinzukan.narc,388,95094784,484,41dd9ddb49807ce7fbf78ea54ee45cf1b3749c020eff9f3b797da9627d03219a,0xfffe,0x0100,484,16,3,1,0,valid
/poketool/icongra/pl_poke_icon.narc,0,/poketool/icongra/pl_poke_icon.narc,389,64843264,585336,faf07645f4989ccee23e20a8052368b61ade363ce018bc36087e33a80424b760,0xfffe,0x0100,585336,16,3,547,0,valid
/poketool/icongra/poke_icon.narc,0,/poketool/icongra/poke_icon.narc,390,65428992,577776,3463c546c112f928f2f8e82ee1638b9739d52dea1d72779704ad3cc36cfb6c1b,0xfffe,0x0100,577776,16,3,540,0,valid
/poketool/personal/evo.narc,0,/poketool/personal/evo.narc,391,54472192,26468,fe6e4ec493a393cac0ed89c22f7ffe00e4174fbc79025dd714188ae07b37862d,0xfffe,0x0100,26468,16,3,508,0,valid
/poketool/personal/growtbl.narc,0,/poketool/personal/growtbl.narc,392,54498816,3348,ce5c612e32e537da3cdf7808c3f21ab217e83a75ead56027d98a7d84bb1b55d6,0xfffe,0x0100,3348,16,3,8,0,valid
/poketool/personal/personal.narc,0,/poketool/personal/personal.narc,393,54419456,26104,9bc883e846af6cc0810251c8ce05663ceadacac0f47dd83a24a93fa0cea75392,0xfffe,0x0100,26104,16,3,501,0,valid
/poketool/personal/pl_growtbl.narc,0,/poketool/personal/pl_growtbl.narc,394,54502400,3348,ce5c612e32e537da3cdf7808c3f21ab217e83a75ead56027d98a7d84bb1b55d6,0xfffe,0x0100,3348,16,3,8,0,valid
/poketool/personal/pl_personal.narc,0,/poketool/personal/pl_personal.narc,395,54445568,26468,7f80d8dfa9e19d3695e336dcb46221367d8413478f503ce57cdf3cbb89a36c3e,0xfffe,0x0100,26468,16,3,508,0,valid
/poketool/personal/wotbl.narc,0,/poketool/personal/wotbl.narc,397,54507008,19168,a5cc293dd309f31cb6684940013d03f3c6e5cf5565e45905d57b48421a94ad5a,0xfffe,0x0100,19168,16,3,508,0,valid
/poketool/poke_edit/pl_poke_data.narc,0,/poketool/poke_edit/pl_poke_data.narc,398,95667712,44028,a9ea1cd0ba4376852c9f5c607f426c905efd7e9288c377e5fe3dca71eb23e081,0xfffe,0x0100,44028,16,3,1,0,valid
/poketool/pokeanm/pl_pokeanm.narc,0,/poketool/pokeanm/pl_pokeanm.narc,399,95109632,13892,25af2f6e78a5a8eab609313a6e21b103604753686088ef4c51f212c89c109011,0xfffe,0x0100,13892,16,3,1,0,valid
/poketool/pokeanm/pokeanm.narc,0,/poketool/pokeanm/pokeanm.narc,400,95095296,13892,25af2f6e78a5a8eab609313a6e21b103604753686088ef4c51f212c89c109011,0xfffe,0x0100,13892,16,3,1,0,valid
/poketool/pokefoot/pokefoot.narc,0,/poketool/pokefoot/pokefoot.narc,401,66007040,58604,181e87eb2bf79ba6e73124d1f694e801aa48844dcdd85e66c0bd2c707e8f8688,0xfffe,0x0100,58604,16,3,497,0,valid
/poketool/pokegra/dp_height.narc,0,/poketool/pokegra/dp_height.narc,402,27042816,23108,b44492aa09f74d2cf5f41ca13c2f7fc6d8238258c64ef49f2c23c1ac15dccec3,0xfffe,0x0100,23108,16,3,1976,0,valid
/poketool/pokegra/dp_height_o.narc,0,/poketool/pokegra/dp_height_o.narc,403,27066368,1684,8dcef49c4815fdd7662b78ad140858fa23fba5971fae866cb6581f3cb0c8f6bd,0xfffe,0x0100,1684,16,3,136,0,valid
/poketool/pokegra/height.narc,0,/poketool/pokegra/height.narc,404,27068416,23108,8d4dafb68c361a2a8822227fe34a92c84d74698256d9e6b0ef0ac0c5ef6c6e34,0xfffe,0x0100,23108,16,3,1976,0,valid
/poketool/pokegra/height_o.narc,0,/poketool/pokegra/height_o.narc,405,27091968,1924,d6af79fe9dc45bf46beba2e3ecb624865636405c1cd6a395af0be35610ecdeda,0xfffe,0x0100,1924,16,3,156,0,valid
/poketool/pokegra/otherpoke.narc,0,/poketool/pokegra/otherpoke.narc,406,27094016,890604,cab7af2e4fef1878af6a7002eecc24c7a1c879166aaf5dfd61ebdc0bd4b92681,0xfffe,0x0100,890604,16,3,213,0,valid
/poketool/pokegra/pl_otherpoke.narc,0,/poketool/pokegra/pl_otherpoke.narc,407,27984896,1021324,bcce60993746ec909b6d4eee51f8b04dc7176e637bc7f41572cb133a005a2ca5,0xfffe,0x0100,1021324,16,3,253,0,valid
/poketool/pokegra/pl_pokegra.narc,0,/poketool/pokegra/pl_pokegra.narc,408,29006336,11778676,d99ed134b21b03ae7eef8a1c8aff3072fa50ead053179bb747c008e1cfb7ed9f,0xfffe,0x0100,11778676,16,3,2964,0,valid
/poketool/pokegra/poke_shadow.narc,0,/poketool/pokegra/poke_shadow.narc,409,40785408,556,037338ffc4f027a249f506b8171dc872c875477158f019e4ea503d1ade6255ec,0xfffe,0x0100,556,16,3,1,0,valid
/poketool/pokegra/poke_shadow_ofx.narc,0,/poketool/pokegra/poke_shadow_ofx.narc,410,40786432,556,0e145a476fc5d98620d37f98322efbf812cf597d4b0675beaf87846d3a643885,0xfffe,0x0100,556,16,3,1,0,valid
/poketool/pokegra/poke_yofs.narc,0,/poketool/pokegra/poke_yofs.narc,411,40787456,556,a5984361e6e9167321a9b4f5ce444a3b628d36520e97e8d9c61c1477ff157969,0xfffe,0x0100,556,16,3,1,0,valid
/poketool/pokegra/pokegra.narc,0,/poketool/pokegra/pokegra.narc,412,40788480,11778676,71e0090fbcbdf63d74c58ad78b5d256d8da09d3d028cc18faf6f5dcd99e8c424,0xfffe,0x0100,11778676,16,3,2964,0,valid
/poketool/trainer/trdata.narc,0,/poketool/trainer/trdata.narc,413,54526464,26036,15dda47cd7b3942a85cf56a0f468ba0847226d5a78b5e1f283b9ce37ec122ed3,0xfffe,0x0100,26036,16,3,928,0,valid
/poketool/trainer/trpoke.narc,0,/poketool/trainer/trpoke.narc,414,54552576,28600,a8af8c65eb4ae5ba2a3533d9bf4243f84761fdafb833e270472ddbe86c6e5891,0xfffe,0x0100,28600,16,3,928,0,valid
/poketool/trgra/trbgra.narc,0,/poketool/trgra/trbgra.narc,415,52567552,321628,f79e0d8d661219e34a7fdf46d8a29a6571b905fa1a0c3ff4c14f2b4555fce278,0xfffe,0x0100,321628,16,3,55,0,valid
/poketool/trgra/trfgra.narc,0,/poketool/trgra/trfgra.narc,416,52889600,1529600,1b9c3dfdcc3d7f4a710fac0f75fa16b501e0a419ebb5f94cc54ac13d17c195e5,0xfffe,0x0100,1529600,16,3,525,0,valid
/poketool/trmsg/trtbl.narc,0,/poketool/trmsg/trtbl.narc,417,54581248,10048,0af2ad166a7358a2c752ba16f1143600fb63fbf82f3d7763c5275073dd8939ac,0xfffe,0x0100,10048,16,3,1,0,valid
/poketool/trmsg/trtblofs.narc,0,/poketool/trmsg/trtblofs.narc,418,54591488,1916,19c3b90af496b3979f72761f86d1975aa4fb08d9ca39812a2332762672a30355,0xfffe,0x0100,1916,16,3,1,0,valid
/poketool/waza/pl_waza_tbl.narc,0,/poketool/waza/pl_waza_tbl.narc,419,56502272,11356,3781f3e96960ce2a2a363e7860c9ae0f99922f539b34673ab60dd80c8cc5669d,0xfffe,0x0100,11356,16,3,471,0,valid
/poketool/waza/waza_tbl.narc,0,/poketool/waza/waza_tbl.narc,420,56514048,11356,f9f6a37e8b8170558ce14c4be35c890ff59cc97508a4aa237fdac945dfdffe54,0xfffe,0x0100,11356,16,3,471,0,valid
/resource/kor/b_plist/b_plist_gra.narc,0,/resource/kor/b_plist/b_plist_gra.narc,421,96289280,74408,1786a3fdf7ddfbdb88e4c723ea7e16ebf9b4b45599264aac7bdeb523db57b300,0xfffe,0x0100,74408,16,3,28,0,valid
/resource/kor/b_plist/pl_b_plist_gra.narc,0,/resource/kor/b_plist/pl_b_plist_gra.narc,422,96364032,74408,1786a3fdf7ddfbdb88e4c723ea7e16ebf9b4b45599264aac7bdeb523db57b300,0xfffe,0x0100,74408,16,3,28,0,valid
/resource/kor/bag/bag_gra.narc,0,/resource/kor/bag/bag_gra.narc,423,96438784,105588,eeae9d36baa1022ff4827cbdc6eb7d28a33823606468acaedfa3eb808cb755e8,0xfffe,0x0100,105588,16,3,39,0,valid
/resource/kor/bag/pl_bag_gra.narc,0,/resource/kor/bag/pl_bag_gra.narc,424,96544768,105588,685d10744639a004b271371bdbec238ef4ebcb4371b7925eb092169c54d9e2c4,0xfffe,0x0100,105588,16,3,39,0,valid
/resource/kor/batt_rec/batt_rec_gra.narc,0,/resource/kor/batt_rec/batt_rec_gra.narc,425,96650752,596912,f332effa0608c79205ea1b929ec8a8fdbedb3b4cdb222e29fa2be667355dd797,0xfffe,0x0100,596912,16,3,234,0,valid
/resource/kor/battle_graphic/batt_obj.narc,0,/resource/kor/battle_graphic/batt_obj.narc,426,97247744,131652,ed8f501abdfaf4d9b1880ba24699cdd6e4e592a378008263e10ac7a55587e5c3,0xfffe,0x0100,131652,16,3,279,0,valid
/resource/kor/battle_graphic/pl_batt_obj.narc,0,/resource/kor/battle_graphic/pl_batt_obj.narc,427,97379840,169088,ba6b3954104c6bc1f1c744328634c78d5d6f23b3d2fda11434889e565f507657,0xfffe,0x0100,169088,16,3,343,0,valid
/resource/kor/box/box.narc,0,/resource/kor/box/box.narc,428,97549312,150180,8dace9a5b0690ad8e3a854356a6132ae281a737729dbdab38e15599d3f227013,0xfffe,0x0100,150180,16,3,145,0,valid
/resource/kor/contest_graphic/contest_bg.narc,0,/resource/kor/contest_graphic/contest_bg.narc,429,97699840,80808,bd67416769496f2801703dfae488fd1271613db202c6c103880e44c698b20414,0xfffe,0x0100,80808,16,3,41,0,valid
/resource/kor/contest_graphic/contest_obj.narc,0,/resource/kor/contest_graphic/contest_obj.narc,430,97780736,25284,572d047aee286f7c7579751d55e7fb5914915fc058fc4e37d7f671aba0f8210a,0xfffe,0x0100,25284,16,3,103,0,valid
/resource/kor/dress_up_graphic/imageclip.narc,0,/resource/kor/dress_up_graphic/imageclip.narc,431,97806336,255536,b9e5fdc4781e07ff904efb3605eec2b94824c8ef8e4f04f7d9745612efeded99,0xfffe,0x0100,255536,16,3,236,0,valid
/resource/kor/frontier_graphic/frontier_bg.narc,0,/resource/kor/frontier_graphic/frontier_bg.narc,432,98062336,829908,f30d3d5736fd1cf60afff00f97809f61c5047f7f48df0dd9beff34b97ff9c7c4,0xfffe,0x0100,829908,16,3,173,0,valid
/resource/kor/frontier_graphic/frontier_obj.narc,0,/resource/kor/frontier_graphic/frontier_obj.narc,433,98892288,42912,7d982379a61e9314fb7a4e3cf9abc66bd9d509a3a161afbffe398113d035f0b1,0xfffe,0x0100,42912,16,3,45,0,valid
/resource/kor/mysterycard/mystery.narc,0,/resource/kor/mysterycard/mystery.narc,434,98935296,32684,a3b040159247a4a4324924c0840149795cd28831033ddea0d259a42a73dfe054,0xfffe,0x0100,32684,16,3,46,0,valid
/resource/kor/nameinput/namein.narc,0,/resource/kor/nameinput/namein.narc,435,98968064,16088,1199d807f4c506a564d61899467fad287afe9dd1a75aefddc725c58e9bc8f131,0xfffe,0x0100,16088,16,3,19,0,valid
/resource/kor/nutmixer/nutmixer.narc,0,/resource/kor/nutmixer/nutmixer.narc,436,98984448,180980,414a052a0d1b7fc3984c0fc1a59e9cc2b92b8b9747719b698e0516f76dbab8a5,0xfffe,0x0100,180980,16,3,48,0,valid
/resource/kor/opening_demo/op_demo.narc,0,/resource/kor/opening_demo/op_demo.narc,437,99165696,1201252,9841581cecaafee43dee891880c717e3a18b9a47edefbd222887c2b659a4b67a,0xfffe,0x0100,1201252,16,3,113,0,valid
/resource/kor/p_status/pl_pst_gra.narc,0,/resource/kor/p_status/pl_pst_gra.narc,438,100367360,127152,39488719b3fadd101fb71d6c74ba71e36622f966da77b6027c023aec08bc3be8,0xfffe,0x0100,127152,16,3,137,0,valid
/resource/kor/p_status/pst_gra.narc,0,/resource/kor/p_status/pst_gra.narc,439,100494848,127152,e83530ff8e24ad7cdc88f1f46f3ce7573695e9e63dfbc5e87f39cee72c227b92,0xfffe,0x0100,127152,16,3,137,0,valid
/resource/kor/pms_aikotoba/pms_aikotoba.narc,0,/resource/kor/pms_aikotoba/pms_aikotoba.narc,440,100622336,1500,d55be28133fd8a627ef6a95a151571bbc05a7c84230217a25094edf45b51ccdd,0xfffe,0x0100,1500,16,3,1,0,valid
/resource/kor/pokelist/pl_plist_gra.narc,0,/resource/kor/pokelist/pl_plist_gra.narc,441,100623872,40108,851cf03f790d38a2babf5bd16c5154f87e47a96cdeabe9af818ae02457a14910,0xfffe,0x0100,40108,16,3,24,0,valid
/resource/kor/pokelist/plist_gra.narc,0,/resource/kor/pokelist/plist_gra.narc,442,100664320,40108,afc98cdfaa34fe70ebc99f219682c3ce989b648ad91fcfcfb42bfd81294f4cf5,0xfffe,0x0100,40108,16,3,24,0,valid
/resource/kor/pokemon_trade/fld_trade.narc,0,/resource/kor/pokemon_trade/fld_trade.narc,443,100704768,404,f29e5a04e2c2f16be19dd6b073cca1eb3e7e6777673a0ffe7e5fb602b7e39b44,0xfffe,0x0100,404,16,3,4,0,valid
/resource/kor/poketch/poketch.narc,0,/resource/kor/poketch/poketch.narc,444,100705280,59468,a10047668e5d0091fefc4fa8ad5c662f27c226fd984b51c1443c68add50e6dd3,0xfffe,0x0100,59468,16,3,126,0,valid
/resource/kor/scratch/scratch.narc,0,/resource/kor/scratch/scratch.narc,445,100765184,162668,cbd1d1c05ffddc2492b7f113b066c87cd2a56d74bb31655e2f3e6d4887b41eb7,0xfffe,0x0100,162668,16,3,41,0,valid
/resource/kor/slot/slot.narc,0,/resource/kor/slot/slot.narc,446,100928000,88388,df483ff8371d274194605d5ae95b86713c9b33554fc4a762777d307486889465,0xfffe,0x0100,88388,16,3,77,0,valid
/resource/kor/title/titledemo.narc,0,/resource/kor/title/titledemo.narc,447,101016576,211000,480dd7113feffdbd0b969165b749d0d89fa16bdf91186de568f3323002452fb4,0xfffe,0x0100,211000,16,3,29,0,valid
/resource/kor/touch_subwindow/touch_subwindow.narc,0,/resource/kor/touch_subwindow/touch_subwindow.narc,448,101228032,2424,03e1bc42ddeee1bccce48a72a4443b9786fe780d41dc5fbc4e141cf1f72ce78d,0xfffe,0x0100,2424,16,3,10,0,valid
/resource/kor/trainer_case/trainer_case.narc,0,/resource/kor/trainer_case/trainer_case.narc,449,101230592,240960,4764d2b30e5cdb26c5fcdf124e63269fdd6036b7df183c9614005dc345a06784,0xfffe,0x0100,240960,16,3,66,0,valid
/resource/kor/vs_demo/vs_demo_gra.narc,0,/resource/kor/vs_demo/vs_demo_gra.narc,450,101471744,44416,5cbb41987791f64482e604e3f72c9fdbde4bac2f5d3a57729f6f44481bf2bcb5,0xfffe,0x0100,44416,16,3,9,0,valid
/resource/kor/wifi_lobby_minigame/wlmngm_tool.narc,0,/resource/kor/wifi_lobby_minigame/wlmngm_tool.narc,451,101516288,110260,e26928af5690889f2db82e5b4b79ba58a8f33b84e46b3aec1f15f659129f78c1,0xfffe,0x0100,110260,16,3,27,0,valid
/resource/kor/zukan/zukan.narc,0,/resource/kor/zukan/zukan.narc,452,101626880,73536,7fa5f1c902fde5f4aaa2c88007603d1d1c49af8f1a487513c2292bed5dc3ee09,0xfffe,0x0100,73536,16,3,130,0,valid
/wazaeffect/we.arc,0,/wazaeffect/we.arc,453,56107520,255820,386307a1a8f51fb5330d63001e45a913fda32ec0e7bad4edefa7790828062e9a,0xfffe,0x0100,255820,16,3,501,0,valid
/wazaeffect/we_sub.narc,0,/wazaeffect/we_sub.narc,454,56363520,12324,5d73cdf4fc972737dbff37aa96b0b3caa9962bfecc9a7ae6b3b9a32ced1291ab,0xfffe,0x0100,12324,16,3,50,0,valid
/wazaeffect/effectclact/wecell.narc,0,/wazaeffect/effectclact/wecell.narc,455,56453632,5372,3dc3990ebb7ea6f86bdde80204b82a79427cae3c09d55b11a0c3c7e4aa2392e8,0xfffe,0x0100,5372,16,3,37,0,valid
/wazaeffect/effectclact/wecellanm.narc,0,/wazaeffect/effectclact/wecellanm.narc,456,56459264,4688,0e47c9b5f7c24199bd56d0576f276dabbf4c1d8aa68922caa3ac4ec2699d0865,0xfffe,0x0100,4688,16,3,37,0,valid
/wazaeffect/effectclact/wechar.narc,0,/wazaeffect/effectclact/wechar.narc,457,56464384,33076,e6902f8f1eb1b63f9d3f23caf2e6eee4f981f6773a118324d8fff6a9559e5d68,0xfffe,0x0100,33076,16,3,37,0,valid
/wazaeffect/effectclact/wepltt.narc,0,/wazaeffect/effectclact/wepltt.narc,458,56497664,4480,31f3222bb317406d558a130bcfbff12cf49f76e05dd9f89cda8ef4e319a4a4d2,0xfffe,0x0100,4480,16,3,39,0,valid
/wazaeffect/effectdata/ball_particle.narc,0,/wazaeffect/effectdata/ball_particle.narc,459,67853312,302380,3bbed988c1e80c653f9ab2cf4e6c290f4d876f9705a4c2546c18559bd8d04dad,0xfffe,0x0100,302380,16,3,117,0,valid
/wazaeffect/effectdata/waza_particle.narc,0,/wazaeffect/effectdata/waza_particle.narc,460,68155904,2419092,07ac57247a417624360463e0c96024f7a98f3e3d4c94eac14e8c287e4b91ad1e,0xfffe,0x0100,2419092,16,3,485,0,valid
/graphic/library_tv.narc!/member_00000,1,/graphic/library_tv.narc,344,60291164,112620,a74e565a6465c909e37f9d200f635d0593858a5b49236785eededf4f47cd7f68,0xfffe,0x0100,112620,16,3,50,0,valid
/graphic/library_tv.narc!/member_00001,1,/graphic/library_tv.narc,344,60403784,109188,05fe8f3d86de699f4c02c3a4aa5b23acac68427276a2686ef5b969ad54e53dae,0xfffe,0x0100,109188,16,3,10,0,valid
