file_id,path,offset,end,size,sha256,extension,format,signature_hex
0,__unmapped__/file_00000,1082368,1082400,32,66687aadf862bd776c8fc18b8e9f8e20089714856ee233b3902a591d0d5f2925,,,00000000000000000000000000000000
1,__unmapped__/file_00001,1082880,1082912,32,2d81fe39a37965f444dffb286cd3ceaec6fe6d4d026d9007c6fe939d01c6fe99,,,02484168491c41607047c046a01c1d02
2,__unmapped__/file_00002,1083392,1083424,32,66687aadf862bd776c8fc18b8e9f8e20089714856ee233b3902a591d0d5f2925,,,00000000000000000000000000000000
3,__unmapped__/file_00003,1083904,1083936,32,66687aadf862bd776c8fc18b8e9f8e20089714856ee233b3902a591d0d5f2925,,,00000000000000000000000000000000
4,__unmapped__/file_00004,1084416,1385088,300672,8443bed845d34687d8bb816f1e339b5cf2417dc396c6a7c787ca7de3b5354802,,,f8b582b001906f480d1c0068141c0093
5,__unmapped__/file_00005,1385472,1587104,201632,977f5060c231f6f1c77d2739a2613fbd7be78a13124c3582f51f3b7c8149f916,,Nintendo LZ10,10b5041ca0684af6c7fb4cf6d9f838f6
6,__unmapped__/file_00006,1587200,1634304,47104,26760ca656fa3104eeca93168c75f828a1e9209433e669a85694642366d968a9,,Nintendo LZ10,10b5041ca16b052925d849187944c988
7,__unmapped__/file_00007,1634304,1657856,23552,5347944e930e9ed6a93c30a746e4c1188eeed0ded08dff1b7e35dbc97d1b69e7,,,38b5051c29480c1c00689430007813f6
8,__unmapped__/file_00008,1657856,1677856,20000,dc10455fe2e415e9a48e3338aa8838453e3eb88c4b4a170597b7cabc26bc40df,,,0141012008400006000e704701220b68
9,__unmapped__/file_00009,1678336,1720192,41856,c1631aa9c0e3575bfe38a279528d60806367ba469a98784c1a9e8d61d4c37757,,,70b5061cf2f5fcfeddf556fa0921ddf5
10,__unmapped__/file_00010,1720320,1735296,14976,cc29ed1d194a2c3009e1e60c93b07ae3741a6ffb85b9a431738c39b567eb87db,,,38b5051c154816496b6a6422e6f550f8
11,__unmapped__/file_00011,1735680,1736736,1056,7ba94ddd13a16ab3b3ec42cd219ebfe4b4ad76937d011fee844698ba4c9c165d,,,0021c943884203d08100024840587047
12,__unmapped__/file_00012,1737216,1849120,111904,9ce9dd6d7e1fc34c36452e5e9be7d5002b65d49bf6b7a320286bf790af1dfc4d,,,011c8d310978002903d10549bc300160
13,__unmapped__/file_00013,1849344,1890848,41504,6810602ea407dd8652f5c9cc4347f3f8461ef5545124bfb5e2cca76509d479af,,,38b5051c687c052801d9002068741a48
14,__unmapped__/file_00014,1891328,1953888,62560,bbced2151ce4ec03d054260fed64a733f03f2912d832269ca1c8adc726bec203,,,f8b582b0061cd52001920d1c80001a1c
15,__unmapped__/file_00015,1954304,1954336,32,66687aadf862bd776c8fc18b8e9f8e20089714856ee233b3902a591d0d5f2925,,,00000000000000000000000000000000
16,__unmapped__/file_00016,1954816,2174624,219808,b1e6f2a07cc0029a3c6b0b870510d97783c0c5c6be05c911c8197f8de051e2f0,,,70b58ab00c1c061ccaf504fc2168051c
17,__unmapped__/file_00017,2174976,2280608,105632,c785adbb257c743898019fe40a50afcd5f3ba8e66bf21af98bd5dc476eda3016,,,f0b585b0051c0020011cdbf555fcdbf5
18,__unmapped__/file_00018,2280960,2459744,178784,c4f482149fef3e18a37ae092362d7144cbbc1e404275d0dec7492c7a391b8133,,,38b5041c13f622f9a3f6aaeda3f6beee
19,__unmapped__/file_00019,2460160,2523744,63584,6c95e85fb2febceebf8664ebfa79c297ca71b56c7ef98bb637cc364102b63334,,,38b50122051c03200921920346f64cfa
20,__unmapped__/file_00020,2524160,2542272,18112,66aa9208f0c6e4e856a44f5bb71a61f0d6030d3810365ab3e29d2b5caf7085c4,,,38b50c1c2168051c002902d001291cd0
21,__unmapped__/file_00021,2542592,2645504,102912,cd916823e0bf1415db5246918ccc17286efefbaca4598abbd15aaaaf19a0cb42,,,38b588b00021051c36200a1c32f66afc
22,__unmapped__/file_00022,2645504,2674336,28832,78c8ab8eb97bc2b18f374901665fc2f3fda60c28642b300f6b1fde13172a1e78,,,f8b50f1c051c381c0821c2f5dbfaee00
23,__unmapped__/file_00023,2674688,2778624,103936,97282c48521287fe407264b34f36cbbab50a475cd189e577ece7944d2132f305,,,f8b5234a234c131c0021ff2008332568
24,__unmapped__/file_00024,2778624,2778880,256,88afc5b530297b06be84fe966d5a075ade7c51e97170aef5f473c3ae107bcea7,,,38b584b0051c03200821c203c3f59cfa
25,__unmapped__/file_00025,2779136,2788576,9440,eb29e3573c61e30d76ef4b9cfaeb5834eaa52c2bca76d578cad97a6c4ae8e761,,,004b184745d60302f8b5061c0d1c0320
26,__unmapped__/file_00026,2788864,2790368,1504,f5d570b1983768b57f5f20e247272952a2118d24850ab94e48a2699a0095a361,,,014b02480249184739512502d5702502
27,__unmapped__/file_00027,2790400,2794240,3840,5137c720f7a0920429ceffbde45a4bcf9f53bed3e87bffd6e0f07a7f79760f2c,,,014b02480249184739512502d5702502
28,__unmapped__/file_00028,2794496,2800896,6400,655a8dd0a74ad7a70c2643e6f9f730db5f40ecdc55f3d99ef6885793a2b148a6,,,014b02480249184739512502d5702502
29,__unmapped__/file_00029,2801152,2803808,2656,84f76f1a179e8ad7363a21b8d20e138d1456824bd83fc545300ca30b6a6227bc,,,014b02480249184739512502d5702502
30,__unmapped__/file_00030,2804224,2805600,1376,a53b4630145aed0e494681d83101f20d1b8a824eb153816d4791048a78b47fa8,,,014b02480249184739512502d5702502
31,__unmapped__/file_00031,2805760,2807808,2048,9b4ed9a5a03a658c80ea6043f5ecee6aa085d5fd9de3e3264503e0b27ca17b15,,,014b02480249184739512502d5702502
32,__unmapped__/file_00032,2807808,2810784,2976,bb606907633afc6142dc068b45203b3457df9af4930458a97fbaac17ba59665c,,,014b02480249184739512502d5702502
33,__unmapped__/file_00033,2810880,2816928,6048,f23f62924b72254c66fd0e44a6b6af970fb643e4945a9f4fb2db394eb4be8062,,,014b02480249184739512502d5702502
34,__unmapped__/file_00034,2817024,2819328,2304,a2b66b6e180f1e6dbdfcf971c5b946a64601edbe9b6c299cae4112591035ffdb,,,014b02480249184739512502d5702502
35,__unmapped__/file_00035,2819584,2821120,1536,47f3e88945567a30ed279a7756154b1cce0312d1ea0acdf0fe225df417f87167,,,014b02480249184739512502d5702502
36,__unmapped__/file_00036,2821120,2822656,1536,ee4ece973454957cc05603ac35e88ced06b359ea69ae7528ae18a9e87b754b3a,,,014b02480249184739512502d5702502
37,__unmapped__/file_00037,2822656,2823840,1184,c6e61dca160ab97965eec27e8810ee97174bf45e5d63d816ad9e7a6cd87b319e,,,014b02480249184739512502d5702502
38,__unmapped__/file_00038,2824192,2824992,800,9acc20929593521643dd6a3b441827d9d04914df63b8350648b7687a78ece7e7,,,014b02480249184739512502d5702502
39,__unmapped__/file_00039,2825216,2826432,1216,38c082e9af82918299cbb7d92edb6c96de57e8cd44164a8b44b3d3cdcd295083,,,014b02480249184739512502d5702502
40,__unmapped__/file_00040,2826752,2829216,2464,06ff17b19c581e6437677ab21e7b9de98257f56b054b7b5202c391cd088fc2c5,,,014b02480249184739512502d5702502
41,__unmapped__/file_00041,2829312,2832576,3264,c4ff6d591300009ddd13108ba20d31f8743054f7347d43eae151fc1f8e494e1a,,,014b02480249184739512502d5702502
42,__unmapped__/file_00042,2832896,2834272,1376,b3c863a1a454baa5ce96fa28569857db0bd5372110d2016ad0d8a9ce744629e5,,,014b02480249184739512502d5702502
43,__unmapped__/file_00043,2834432,2837312,2880,66c61721ee24471e6838c7657515d6b458365169c181a26ffaaa96de590ecf52,,,014b02480249184739512502d5702502
44,__unmapped__/file_00044,2837504,2840800,3296,84909b6ca88ed1f3c3cb8234a91eb77ea26364f5da0d7969f0ad0b6685876af4,,,014b02480249184739512502d5702502
45,__unmapped__/file_00045,2841088,2844256,3168,5b2248f03104ed86e87e9e9a124626bbae47d9c6eb9e0e7c557fe837c10adff5,,,014b02480249184739512502d5702502
46,__unmapped__/file_00046,2844672,2849088,4416,0b0c5aad9e321d1f98782f907907c0361c21959b4b0307da992107c75c7bd254,,,014b02480249184739512502d5702502
47,__unmapped__/file_00047,2849280,2851584,2304,b17ebdc47098dc12e98a8a07541b84b161a2a48ddd382c03e892658d3c313e7c,,,014b02480249184739512502d5702502
48,__unmapped__/file_00048,2851840,2854336,2496,1f8a49488361086d8906f8894ebfbfd12e94efbbd74a916b9a7970a625193fbe,,,014b02480249184739512502d5702502
49,__unmapped__/file_00049,2854400,2855584,1184,8261e47a4336a66991f1383ec5819b3d14e2be30d5963d4b655c06aa45e4040a,,,014b02480249184739512502d5702502
50,__unmapped__/file_00050,2855936,2858304,2368,60b426a6b0e91daf34cb5003c4f12f6d4642e385ccaed384cdc3a88214445fad,,,014b02480249184739512502d5702502
51,__unmapped__/file_00051,2858496,2859296,800,bd610bf34b50bd75845d9d62013aa616a6d996cc630975fd7700cbcc9b4cbd7c,,,014b02480249184739512502d5702502
52,__unmapped__/file_00052,2859520,2862752,3232,462641712766a50e3c4292a76bdaaf94c57b2cfbfc7434e628ea3c091e0479a6,,,014b02480249184739512502d5702502
53,__unmapped__/file_00053,2863104,2865312,2208,0b2058cce4a41084458d692d3dba9859f8f168fa8565c92af96c285909cef1ed,,,014b02480249184739512502d5702502
54,__unmapped__/file_00054,2865664,2867296,1632,ce5a41fef71d75595deb2eab7ed75a07292fc27ac39eefeca02dd4b2da351ca3,,,014b02480249184739512502d5702502
55,__unmapped__/file_00055,2867712,2868512,800,da1ed1e7761f5c4786d9a6bf5611e95b80063848957f138b4c06db38f6e941d8,,,014b02480249184739512502d5702502
56,__unmapped__/file_00056,2868736,2873152,4416,a64f94f31b865eafb9eda971c6d0f16d4057092ed2d1a119eaef9ded10def533,,Nintendo LZ10,10b50c1ce168606980310968002960d0
57,__unmapped__/file_00057,2873344,2874368,1024,77486732ba064cd8073e69e3b2050d3cb4af8db3e295ff10d8b35d6902fd8347,,,08b5022203204d21120446f64dfa2ff6
58,__unmapped__/file_00058,2874368,2883776,9408,77564f283a6206ffb13a9033bfd09a9f4d2460f71a1275c4518103d725eaffb2,,,f0b583b00d1c2968061c002903d00129
59,__unmapped__/file_00059,2884096,2894208,10112,246548ef13d4da2790f36cb951981fbe5bad0c39874a55b61dc24b05b14040c3,,,f0b583b00d1c2968071c002903d00129
60,__unmapped__/file_00060,2894336,2936864,42528,35e3b0bf2f829f768d6772be2ef33b20809a22ba2bd7556db57e4f5ff5db1352,,,01040143014801607047c04620ad2202
61,__unmapped__/file_00061,2937344,2951936,14592,35585d1322eea2b47b6e3c108bc7bb8bc0cca22a5e73134be4e65227182b9e13,,,38b5141c051c081c211cfef553ff281c
62,__unmapped__/file_00062,2952192,3060544,108352,e454909ca0fcaa582bd185481c588d708acaaf16cea8a115fd61bf2ac30299c4,,,38b58ab0041c0020011ce7f595fbe7f5
63,__unmapped__/file_00063,3060736,3072640,11904,d00aabbdc16e4c091d2aa37b8d55fceb4b1149455d66b2202af28fe0970e33b5,,,f8b50d1c1e1c041c2649301c0092ecf5
64,__unmapped__/file_00064,3073024,3091552,18528,65271f8f27bb115c69b40d5ec8b645278473831bd0a34e0adac883c18ccec5a9,,,38b5051c2e480221d7f5dcfc07220320
65,__unmapped__/file_00065,3091968,3141600,49632,dfa38cb269a099c07029bf91fdf256c0171040c65460fa260a2b00b639b1b7c7,,,08b516210901405822f676f802213522
66,__unmapped__/file_00066,3141632,3328480,186848,860fd54b209e5a65d2a95016013483e7cc9bb7775dfeda1b0ef72fc084bec7e8,,,38b5041c1f480221d7f5dcfc6bf616fa
67,__unmapped__/file_00067,3328512,3332000,3488,3450f02e2b411abe6b256b5fd68b535d89d629a1d8838b6b60dfb54b12746e73,,Nintendo RLE,30b587b00222041c032070211204baf5
68,__unmapped__/file_00068,3332096,3338176,6080,5c592cd57d8dfeb0145fb0fedd459336783e23da4c13edc4a86aa9c66f80cdf0,,,78b581b0041ca9f525f90522051c0320
69,__unmapped__/file_00069,3338240,3349824,11584,5c4fbad7bf283a62418de4f96479f90bf3ec9a5eb1cc899f35c70fb36cfa2802,,,38b582b0041ca9f525f90522051c0320
70,__unmapped__/file_00070,3350016,3424032,74016,df716af65b6726a0cc62072188d23b05cf53308688141a939bf503dafd73662b,,,0023c25e12030a600222805e00038860
71,__unmapped__/file_00071,3424256,3434112,9856,7b3b09b689aafad54f6da7b0925be8b03bea589412842e2864ab7fd2911f9b1f,,,f8b586b0051c0020011cdbf555fc0020
72,__unmapped__/file_00072,3434496,3440064,5568,e7e0de3fd9302d3cbc4dc1fa7df502a701d3c45befb8287b202b6fec91308c16,,,f0b583b00d1c2968061c002903d00129
73,__unmapped__/file_00073,3440128,3452000,11872,3fcfb0f3433fd61e818a3399addb3f52a9b536a14951a1ea5d2793bf4b9b0843,,,38b50122051c03205221920446f64cfa
74,__unmapped__/file_00074,3452416,3456320,3904,e33729a3e0bfaec14eb587e97de1af09ccb591471ecc6ad15c4565b6822dce79,,,38b5041c34f6e6fd0122051c03202621
75,__unmapped__/file_00075,3456512,3460800,4288,44217d505f9051e7fda7e2e822a564de0272d32a5236efe20b6cfe93d4d27ada,,,38b5051c34f6dcfd0222032029211204
76,__unmapped__/file_00076,3461120,3477056,15936,8376ab416f7d8b350506d10a134fcaa69b612e22afa8d417c00050f419aa463a,,,08b504480221caf5adfa03480221caf5
77,__unmapped__/file_00077,3477504,3505088,27584,e722e4ac41e4d068d9ad120a9519b80b0b75a9a612ce8ebae7b35f04e6374495,,Nintendo LZ10,10b5041c0020011c3df60efc01200021
78,__unmapped__/file_00078,3505152,3512448,7296,10ad040e066aeed9f9673fb87507ed91280cb96b27392f53645169a4638fc9c6,,,38b584b00122041c03202f21920446f6
79,__unmapped__/file_00079,3512832,3525152,12320,c7949efe35e1d698b03f7c7497cfcad134132ff089e6046ee398642399001d3c,,,38b5041c34f6e6fd0222051c03202d21
80,__unmapped__/file_00080,3525632,3535520,9888,80e0d63307ed192dede49be31d02c122e884af315fdbd1eccc46b3824a4cb3b2,,,38b5041c34f6e6fd0222051c03201121
81,__unmapped__/file_00081,3535872,3546048,10176,be5406dab22fdc375837d216e89a2668440b48dea3c91e8313f8ba8c52126ac2,,,38b5041c0020011c45f636fe45f63afe
82,__unmapped__/file_00082,3546112,3547232,1120,e9adab3f7ab8e52c874c6afea10eea2e085f58cd439587842a790d49b66f2547,,Nintendo LZ10,10b5041c206800280ad0caf505fc0028
83,__unmapped__/file_00083,3547648,3568224,20576,0ea611b3c2e16ade4d0262e5fe81298dd5ec9edbb127747a835c2b470e8cbb21,,,08b5806901f02afbe1f5cafc08bd0000
84,__unmapped__/file_00084,3568640,3592864,24224,92793aee315ea5c60a8ab370be54cb66d931d95af6ba8f8da4048ba21ca43fe9,,Nintendo RLE,30b583b0051c0020011cdbf525fadbf5
85,__unmapped__/file_00085,3593216,3598880,5664,1c328b357e0770c159b8ef01eb7b6c0aef220dd8b93781f7e0abd63f1f029ae4,,,38b5041c0020011cd5f5d6fad5f5dafa
86,__unmapped__/file_00086,3599360,3608608,9248,75637657a9e96acf070ace3bfbb1bd3c146c46e6b1468969568233df1da77949,,,f8b5051c0020011cdbf556fc03203f21
87,__unmapped__/file_00087,3609088,3612736,3648,5539a11ef8fd4a6ed5aa69278af2cefe428bfb342b990d28abb3026f74008cb6,,,38b50122051c03203c21920346f64cfa
88,__unmapped__/file_00088,3613184,3629760,16576,0b0b369091192516ca043457ea97a40aebd233efee924bfaffe30d6201dd6495,,,78b583b0061c0020011cdbf555fcdbf5
89,__unmapped__/file_00089,3630080,3630112,32,66687aadf862bd776c8fc18b8e9f8e20089714856ee233b3902a591d0d5f2925,,,00000000000000000000000000000000
90,__unmapped__/file_00090,3630592,3635264,4672,69902dffa4fa7c933560525d26d792aa2d218c87edc81e79e3dc05b887bd1b40,,,38b5041c34f6e6fd0122051c03204a21
91,__unmapped__/file_00091,3635712,3643424,7712,09ec52530f13649dc4cbab2c25cb369114b4e4bf41ff2e9f4669d8909855102d,,,38b50222051c03204321120446f64cfa
92,__unmapped__/file_00092,3643904,3651360,7456,80e7482d3d8bce974bd66082be44903b4b9ae343691611e2fc4b8132ac8298a9,,,38b5041c0020011c45f636fe0020011c
93,__unmapped__/file_00093,3651584,3653760,2176,8154e5d89917a33cf19c51665b0da4502c8c6dc979141c418aa05da0164a7bcf,,,f8b586b00222051c03204821120446f6
94,__unmapped__/file_00094,3654144,3702016,47872,523622fd1d53e765ad9476f86b7c9b49c657e6659560e447ed31bc3848f3e257,,,18b4054b01241c6000245c609860d960
95,__unmapped__/file_00095,3702272,3724480,22208,78210b5feebe6771084c11c3e3749b5747b6e8532ca2635853287e208e18bdf7,,Nintendo RLE,30b585b0051cc7f5b3fb002800d1cce0
96,__unmapped__/file_00096,3724800,3736160,11360,9d7b88f0f96b9a4aff37bb7d4d00ee4632a111041bdac9ffcc3e0c255fe92f7d,,,18b4054b01241c6000245c609860d960
97,__unmapped__/file_00097,3736576,3819232,82656,9adffd7742a098da401c712b259d83976ed63e97fa3452b9dff18043ba2593d0,,,00207047f0b597b0051c562080002818
98,__unmapped__/file_00098,3819520,3832320,12800,d7ea69168420b5cb979af0e0247b6ec1ca3c8ec42410aa064399496e5cc14cfd,,,38b50a22051c03206c219203d0f53cfa
99,__unmapped__/file_00099,3832320,3850432,18112,85875a2fba0d4eee80cadcb2430722c90ae99042ac47c1e23af554b2372bab79,,,f8b5051c0020011c45f636fe45f63afe
100,__unmapped__/file_00100,3850752,3869120,18368,4d779718c344d991303eb0703a2a0715d1af8469e265e1b348781f550f3959ff,,,78b585b0051c03206f21820446f64cfa
101,__unmapped__/file_00101,3869184,3906304,37120,cc1e9c4aa6755ce6f29d98a4d671b58ffd15ea88e5d5758193b544d7654c30b7,,Nintendo RLE,30b583b0051c0020011c45f635fe45f6
102,__unmapped__/file_00102,3906560,3908640,2080,44448411734ee8f46a13365b1888692ae73224e4c8a2f3d7ff7386784908f33f,,,38b50222051c03205421120446f64cfa
103,__unmapped__/file_00103,3909120,3909152,32,66687aadf862bd776c8fc18b8e9f8e20089714856ee233b3902a591d0d5f2925,,,00000000000000000000000000000000
104,__unmapped__/file_00104,3909632,3991008,81376,3665036930719348cd2c34ceb626bee89255b157bcd709045b3e154602fca234,,Nintendo LZ10,10b5041c0b1c101c211c1a1cd7f572ff
105,__unmapped__/file_00105,3991040,4009952,18912,07f6b42fffccce0ffbf2388d7c69c31a305f600e6d4597c0bb575d6d5b7237c7,,,70b582b0051c0e1c39480221c3f5dafd
106,__unmapped__/file_00106,4009984,4017600,7616,d7510d7b6c6378ed1f5c56fe941b1e4ba846521d3f9123f725f38a74177bda4a,,,70b5041c0e1c2c480221c3f5dbfd00f0
107,__unmapped__/file_00107,4017664,4052576,34912,a4023314dd5ea1ecea2cfd9928e33238bbc8dcca49c2fb56c1f3aaec7ae8e5f5,,,70b5041c0e1c38480221c3f5dbfd01f0
108,__unmapped__/file_00108,4052992,4060352,7360,f7f96dc22c5f1d8a5c63e7b1e2360ac2f3e1687e700f69574a02ce85f7dbb26d,,,70b5041c0e1c51480221c3f5dbfd00f0
109,__unmapped__/file_00109,4060672,4081632,20960,8728e2191dedec822516289fc094f6fc02838efe62d677cc49d4e5a26e9c8eb3,,,f0b583b0051c34f6e5fd041c0120011c
110,__unmapped__/file_00110,4081664,4087232,5568,1eba5fda5ef9102fabb359612a8f05d1e8d15e8b672832a6a773547ca2912171,,,70b5041c00200e1c011c45f635fe0020
111,__unmapped__/file_00111,4087296,4098528,11232,a88a6adab0ffd3f0f601c75813952e0857236271e9e2bde585ac963a27669263,,,f8b5051c0f1c00f0d3ff122203207321
112,__unmapped__/file_00112,4098560,4103296,4736,7c37cbcda7b0ae6a20c83bb18c595d7f9f6fec8a9fa6648cc3995ce2c1e3d7bf,,Nintendo RLE,30b583b0041ca9f525f90522051c0320
113,__unmapped__/file_00113,4103680,4123776,20096,af1e0c9b321ac8c334ae537618c792254505f2154de08c015bec610a1f4633e0,,Nintendo RLE,30b583b0041c0020011cbaf575f9baf5
114,__unmapped__/file_00114,4124160,4139840,15680,82727c8a9cc7af92e8976207dfc35772403cd79ba65b042a12ab5feaab23932a,,,f0b583b0061c009101920293321c1021
115,__unmapped__/file_00115,4140032,4165248,25216,7d6b855a8d876febfd5d786afe34ba25a32cbb4d2a7f38e5d2847000721e3e85,,,38b5041ca5f586fa051c032063214204
116,__unmapped__/file_00116,4165632,4197408,31776,acd20fe19e830ad8d5356b1a9b50d650a2fb3d794f178d9e44d8b078af565d87,,Nintendo LZ10,10b5116850681c1c6161a061bcf576f8
117,__unmapped__/file_00117,4197888,4225536,27648,d29f552929267bbb1ef8765867fac68a5468c7137023fe5615255370ab9f0756,,,38b5041ca5f586fa051c03206e214204
118,__unmapped__/file_00118,4225536,4226624,1088,ccc006c222a4f5671717780e33dcad7fe92b19d3e869cd147f1da5fa107eff39,,Nintendo LZ10,10b5041c0b482058002801d050f63cff
119,__unmapped__/file_00119,4227072,4233536,6464,97d34a6fc270f982dab65a6dc645ff73fb997b4bb49f65d48aec88ac092b67c8,,,08b54ef607fa4ef639fa012292061168
120,__unmapped__/file_00120,4233728,4234944,1216,110bbf754735d99d78e55e21889e2bb961ce1af4ab6b4bd84f278a47998a8f98,,Nintendo LZ10,10b50122041c03207821920446f64cfa
121,__unmapped__/file_00121,4235264,4236864,1600,6a707ded8745967a6641b800ef83a7d6e26c1cd1c6f3820f1cd8ede99c7297bc,,,18b583b0041c0020011c45f635fe45f6
122,/application/balloon/graphic/balloon_gra.narc,95834624,96137632,303008,128959a12885782631c1e47a9f96f1edb4480e944559f7d39f52c630b1dbefab,.narc,NARC archive,4e415243feff0001a09f040010000300
123,/application/bucket/ballslow_data.narc,96266752,96267172,420,1a5f793e0d663dcd8378ee1741b5c8f97fb2f718f2afdf1c008a35d9e68815d4,.narc,NARC archive,4e415243feff0001a401000010000300
124,/application/custom_ball/data/cb_data.narc,93135360,93196172,60812,4b25ee9d91e977fcbf4be1cab7d2ba15cfb6d58983d5ef5ebeaca137409506a1,.narc,NARC archive,4e415243feff00018ced000010000300
125,/application/custom_ball/edit/pl_cb_data.narc,95723520,95726652,3132,f4e4742692bc6bc281907126d4fa5c4f16006b7a832dd75207cb52ba08fbdf5d,.narc,NARC archive,4e415243feff00013c0c000010000300
126,/application/wifi_earth/wifi_earth.narc,92979200,93131380,152180,a529c990a715b9599316abf4049a14a23b4c18a019b69a41b2630fb921460ff6,.narc,NARC archive,4e415243feff00017452020010000300
127,/application/wifi_earth/wifi_earth_place.narc,93131776,93135048,3272,067806345d96ce91f3cd76aaafddf4b6a915c512499fbf61f49e0368a59c7e84,.narc,NARC archive,4e415243feff0001c80c000010000300
128,/application/wifi_lobby/map_conv/wflby_map.narc,96137728,96154768,17040,5fefe70c66946659c32a8d48fcfa9fd8f1bed083f1bc5dd32b189c12b8eb85fc,.narc,NARC archive,4e415243feff00019042000010000300
129,/application/zukanlist/zkn_data/zukan_data.narc,92933120,92955780,22660,0dd48591665b8cefffcd4185a1167bc7f7563abffb3056459f38bd1f420cc601,.narc,NARC archive,4e415243feff00018458000010000300
130,/application/zukanlist/zkn_data/zukan_data_gira.narc,92956160,92978824,22664,9c9fc1304a92510571df6990f7175f3a8e1dfe751ed440c65b20283e5bfa6cf8,.narc,NARC archive,4e415243feff00018858000010000300
131,/application/zukanlist/zkn_data/zukan_enc_diamond.narc,95452672,95524128,71456,b4262a3faaf64a1d3f535fb31a652a4731c8c4c3356a8eb1d27f9808904984d1,.narc,NARC archive,4e415243feff00012017010010000300
132,/application/zukanlist/zkn_data/zukan_enc_pearl.narc,95524352,95595784,71432,97c126918497d52714069b2effdc1a87616df661eef313bbf7a3260b0cd9d4fc,.narc,NARC archive,4e415243feff00010817010010000300
133,/application/zukanlist/zkn_data/zukan_enc_platinum.narc,95596032,95667492,71460,618fff4cf05edf5d66801b75162475897f91702d4e9a0b8137c61b5c3555c68f,.narc,NARC archive,4e415243feff00012417010010000300
134,/arc/area_win_gra.narc,93315072,93348460,33388,266076884172c17f463556079d9cecba023fcbee810016002c5695a55ce33eda,.narc,NARC archive,4e415243feff00016c82000010000300
135,/arc/balance_ball_gra.narc,93348864,93490220,141356,9b9260aab0d01c22db90407801cbe7279ac9985772f8f13384294cb2a416f32b,.narc,NARC archive,4e415243feff00012c28020010000300
136,/arc/bm_anime.narc,93490688,93563728,73040,db2aec4c463f5afb2f7e2a425cf7d0b062f5eddf9e14ce9da94e5d0ad4ff14d9,.narc,NARC archive,4e415243feff0001501d010010000300
137,/arc/bm_anime_list.narc,93563904,93580476,16572,536f4c93d6ccde5fa0956f1331cfb65e9edba535a8375f964a2e4fca5adeac24,.narc,NARC archive,4e415243feff0001bc40000010000300
138,/arc/codein_gra.narc,93580800,93674068,93268,7afdf9b3a07bf56fb7f88dba385eff34b3df24c82e685400c39ab95a52acaad9,.narc,NARC archive,4e415243feff0001546c010010000300
139,/arc/demo_tengan_gra.narc,93674496,94627552,953056,43161092371649c065ea98f3677a46f69248801919216bfe00a69b5a789bb797,.narc,NARC archive,4e415243feff0001e08a0e0010000300
140,/arc/email_gra.narc,94627840,94653964,26124,435d7b385476242b11085ea19e0d2fad8cab411ce9a486b8cb30abf1088e41b7,.narc,NARC archive,4e415243feff00010c66000010000300
141,/arc/encdata_ex.narc,94654464,94656292,1828,a5d3e77378c89119f936f3971c4f8f5db609cd575a29b627350d389e4260ca71,.narc,NARC archive,4e415243feff00012407000010000300
142,/arc/manene.narc,94656512,94914356,257844,eac58a191d8b5ae095cfa875614fd73a54f65b05cf38f0efa4b04a06535bfc9e,.narc,NARC archive,4e415243feff000134ef030010000300
143,/arc/plgym_ghost.narc,94914560,94919496,4936,fea0e03cf050766290a9879d3a879a9a1b5233638f659a16d856357eeceb0d88,.narc,NARC archive,4e415243feff00014813000010000300
144,/arc/ppark.narc,94919680,94922700,3020,78ed2c1252ca3d76324b60f2fedbb7f20bc84e3ac08f55f87aa1e7ac38173528,.narc,NARC archive,4e415243feff0001cc0b000010000300
145,/arc/ship_demo.narc,94922752,95017816,95064,b596db0ce389ad0b3bbb3dbe4112f8e9306a3b7519036eeac6cb0ff7f36931fd,.narc,NARC archive,4e415243feff00015873010010000300
146,/arc/ship_demo_pl.narc,95017984,95080020,62036,51ed04d5368d25939554343d4d0f07911e25475ee36177e2b647bf351bc29efb,.narc,NARC archive,4e415243feff000154f2000010000300
147,/arc/tv.narc,95080448,95081608,1160,a3359d3195b49df46f6cb06007f3eac826231cce9cec91bb6dfecd281bb7c7d3,.narc,NARC archive,4e415243feff00018804000010000300
148,/battle/b_pl_stage/pl_bsdpm.narc,96194560,96206084,11524,756b1456bc7e219e4c9d13f79d61fd2e7c1911a360bd31a88ae7500f384c67b6,.narc,NARC archive,4e415243feff0001042d000010000300
149,/battle/b_pl_tower/pl_btdpm.narc,96206336,96229212,22876,db14c00f0c288755fff0d10728605d612aa64fa85ecde42eaff55de16662d9ec,.narc,NARC archive,4e415243feff00015c59000010000300
150,/battle/b_pl_tower/pl_btdtr.narc,96229376,96266536,37160,69d17bcc62e4bb0f246bd6546d1299205413ff1e12bd9655b19f3735a21419b4,.narc,NARC archive,4e415243feff00012891000010000300
151,/battle/b_tower/btdpm.narc,95395840,95418716,22876,776d9ad316bd6a9d97f45ca6dc5405dbf2e3e96f75a36118619bcad4081bec6c,.narc,NARC archive,4e415243feff00015c59000010000300
152,/battle/b_tower/btdtr.narc,95418880,95452608,33728,9d8e016906e413d77a3a30856764f7605c03b9c0d956601e6262a4918b0f0040,.narc,NARC archive,4e415243feff0001c083000010000300
153,/battle/graphic/b_bag_gra.narc,54593536,54613764,20228,1bad36d04c4462f5e43df643f0f2bb388f0230e917253d66401db9e2ae39ed7b,.narc,NARC archive,4e415243feff0001044f000010000300
154,/battle/graphic/batt_bg.narc,54614016,55254140,640124,bcf2c24ae32b38a546b9b293b16af3782b706fd6dc5ec9d58c1e245655ce05ab,.narc,NARC archive,4e415243feff00017cc4090010000300
155,/battle/graphic/pl_batt_bg.narc,55254528,56107300,852772,6a6d0ce93ba75c6a6fd505eb036dad677de74b696015277f30e3baece55c57b0,.narc,NARC archive,4e415243feff000124030d0010000300
156,/battle/skill/be_seq.narc,56376320,56393260,16940,03157b91d68c906f5485345d6558398202df83875d233fab2e2fa4ca556d2b17,.narc,NARC archive,4e415243feff00012c42000010000300
157,/battle/skill/sub_seq.narc,56393728,56446924,53196,f92484a1b43efb7458e5c621da02e126aa38e547d609dbd109a450a4189f0d8d,.narc,NARC archive,4e415243feff0001cccf000010000300
158,/battle/skill/waza_seq.narc,56446976,56453392,6416,ac543204e98c81493f8cdc88eeb0397d49c3eef24c120a187482bcce517718e2,.narc,NARC archive,4e415243feff00011019000010000300
159,/battle/tr_ai/tr_ai_seq.narc,93272576,93315024,42448,74b17cd373c63c5aa9fa5e7e909c7037f768b443c726eee51ed0f0278efd709d,.narc,NARC archive,4e415243feff0001d0a5000010000300
160,/contest/data/contest_data.narc,92873216,92887356,14140,7cf7c17d07b805fc4d6c65b7b23e6d25b0b94e87f5cf0d729c308ed2b1b9496f,.narc,NARC archive,4e415243feff00013c37000010000300
161,/data/arealight.narc,4414464,4422840,8376,a8cf7c77d702ad19247950ae5390c484fcd5abbd80592a9d1196cf9ed39e452d,.narc,NARC archive,4e415243feff0001b820000010000300
162,/data/battle_win.NSCR,4423168,4425252,2084,786c211effb3f47630ba88c443d2b11ad815f99affab9802586f129015423dd6,.nscr,,5243534efffe00012408000010000100
163,/data/btower_canm.resdat,4425728,4425780,52,2c906d1ffb6a67209ee3c8daac86ac095bc3f39e8257657703b5c6a5f3f8b57e,.resdat,,030000007b0000000300000000000000
164,/data/btower_celact.cldat,4426240,4426304,64,1f123e9d1801e4ef8fb0a0f49a75db77f38c3a3b94ad347f207c1ab10dbc2817,.cldat,,00000000000000000000000000000000
165,/data/btower_cell.resdat,4426752,4426804,52,a74a51eb2d927d8606797f195359808db51e8724784d4a4682ccb5a030172107,.resdat,,020000007b0000000200000000000000
166,/data/btower_chr.resdat,4427264,4427316,52,3203fffb886d328c3fb529e78c7ed5d3d6fac9cb12b46a5c7fb2e998f36bcd15,.resdat,,000000007b0000000100000000000000
167,/data/btower_pal.resdat,4427776,4427828,52,a25715710de58cb59ab60219bf75930fd58050a96f1e325555a46a64f4a4eace,.resdat,,010000007b0000000000000000000000
168,/data/cell0.NCGR,4428288,4436528,8240,744e07505e4c80a62df7782d14db317152aa090363ffe40fcada29b463d6c509,.ncgr,NCGR graphics,5247434efffe00013020000010000100
169,/data/cell0.NCLR,4436992,4437544,552,ec23e08f70ec23bef86883d2025ea41a518f4c41bf0b61a7427853502a95d9f4,.nclr,NCLR palette,524c434efffe00012802000010000100
170,/data/clact_default.NANR,4438016,4438127,111,30249884bd91f10bc9d4e13e7b1495f09991b6f488405a0cdbb61cfb402d10ca,.nanr,NANR animation,524e414efffe00016f00000010000300
171,/data/crystal.nsbmd,4438528,4441860,3332,67ea106ff319b63062afd6927e4ca022966cd550cc937cb1ceb1920ba35f46bf,.nsbmd,NSBMD model,424d4430fffe0200040d000010000200
172,/data/demo_climax.narc,4442112,4914732,472620,18d011c800914e0410979a16996dcdf6cca15ba384aa85d9973a769ab6def94e,.narc,NARC archive,4e415243feff00012c36070010000300
173,/data/dp_areawindow.NCGR,4915200,4915568,368,25a619fba61e036c8bee2595996ef4a480f84d31f6601018c7915549bb971f51,.ncgr,NCGR graphics,5247434e000000016801000010000100
174,/data/dp_areawindow.NCLR,4915712,4916264,552,6e5afdca34a65cd2adccd5de0c3e026fe76488afa707bfaed2eca788161ca4c2,.nclr,,5250434e000000012002000010000100
175,/data/dt_test_celact.txt,4916736,4916790,54,657d5de29b925e3eaf5ae872783367f10475b5c0f90bfcd5043cb1abdb69d85e,.txt,Nintendo RLE,302c302c302c302c6e2c6e2c302c302c
176,/data/dt_test_res_cell.txt,4917248,4917286,38,c8389498002fe33ab42c1090e38ff07579d464ddbfac95a20829dbf0b7d7fdb0,.txt,,322c302c0d0a646174612f75675f6865
177,/data/dt_test_res_cellanm.txt,4917760,4917798,38,cbe867be063be570f1fbc6fcdfb5b879ad308c06326bd8ecf53436ebe6e6557d,.txt,,332c302c0d0a646174612f75675f6865
178,/data/dt_test_res_char.txt,4918272,4918315,43,385fccd82bc01a6cac1ed7e0ca5bdcc2f21f6822014c8f834f1507e8df120988,.txt,Nintendo RLE,302c302c0d0a646174612f75675f626f
179,/data/dt_test_res_multi.txt,4918784,4918800,16,8b908000b9cf297550ff4b4a08e641b2122597f77232d9dba5422afdb23a198a,.txt,,342c302c0d0a652c652c652c652c0d0a
180,/data/dt_test_res_multianm.txt,4919296,4919312,16,1b97c2f67dccdc6b480d4982764c8cedeaf4d055b845ab7fb6373e12874d9496,.txt,,352c302c0d0a652c652c652c652c0d0a
181,/data/dt_test_res_pltt.txt,4919808,4919853,45,4bb2f67548edddd0d90a4344eaa0d1da254b6150ecfd6a045226ff33aa882f57,.txt,,312c302c0d0a646174612f75675f626f
182,/data/dun_sea.nsbtx,4920320,4921720,1400,39c857f5b0fb8e0c07c161c838d0faa4a9f7c06a99fa432f4e4e92d70f59ee4e,.nsbtx,NSBTX texture,42545830fffe01007805000010000100
183,/data/eoo.dat,4921856,5395456,473600,73806dca4675ca5be6cc0be910cfb13dd16e232286e4f6280fa9bd82a474cd52,.dat,,4e494e54454e444f202020204e54524a
184,/data/exdata.dat,5395456,5395748,292,d25f106d39d48484fb0944d9b9d2706a17885ed46702abbef4402e9b4bed4f0d,.dat,,00000000600000009000000024060000
185,/data/field_cutin.narc,5395968,5419040,23072,e98a6112a721d81460c9b2eaa154f0eb53bf54f77904b921b218f2d98ca1f135,.narc,NARC archive,4e415243feff0001205a000010000300
186,/data/fld_anime0.bin,5419520,5419592,72,1ec9b817623b914aa1336af423f5c0a0172ad74a1a0049eef79a3e0becfde53b,.bin,,646174612f6d696e696d756d2e6e7362
187,/data/fld_anime1.bin,5420032,5420104,72,7f72c84bb5552e478dcc27bb339be852876f8c3f0b7d1774d2e7bb6fefbd9fee,.bin,,646174612f6d696e697268616e612e6e
188,/data/fld_anime10.bin,5420544,5420616,72,c19e0811ae7000f211bc8e1d23590e14e22480adfd275c20267124db8970095a,.bin,,646174612f6c616b655f616e696d2e6e
189,/data/fld_anime2.bin,5421056,5421128,72,a2b9cb0bb30abe7eccb0a1d2793407d4da6c9c3b15c33a5bbde1aaef6f4b5e63,.bin,,646174612f6d696e696173617365612e
190,/data/fld_anime3.bin,5421568,5421640,72,84a53ae8352350e35582de2710b79dfcb6db44ae3a189be0ac9a68a807283785,.bin,,646174612f6d696e6968616d6162652e
191,/data/fld_anime4.bin,5422080,5422152,72,5978dbb7f77e96e630e931cbc6d34e2b487adde774d3e203f9727e931d9de7d2,.bin,,646174612f6d696e6961736168616d61
192,/data/fld_anime5.bin,5422592,5422664,72,de96fcc88817b1797ff20ad9774546b8b391b6e3c61d3dad801dec93d321c14c,.bin,,646174612f74335f666c5f622e6e7362
193,/data/fld_anime6.bin,5423104,5423176,72,81fbe84c6fa50dc51d6063d914754783933b824243f3c2041584029d6116d0f5,.bin,,646174612f74335f666c5f702e6e7362
194,/data/fld_anime7.bin,5423616,5423688,72,f44ac96d074f591823ba68aa7d928479f6597aded2002eff8301f41216b15d23,.bin,,646174612f74335f666c5f722e6e7362
195,/data/fld_anime8.bin,5424128,5424200,72,49908acbeaec47bcc9b0e1a35730391a3c24f8fba4b9689a4240723e39166c1e,.bin,,646174612f74335f666c5f792e6e7362
196,/data/fld_anime9.bin,5424640,5424712,72,7da5c71f81701b46246603a08a4773600a55e6df79050d91b20c6773a7bc73a6,.bin,,646174612f64756e5f7365612e6e7362
197,/data/fldtanime.narc,5425152,5579792,154640,d54244a74840303dff286cb6d06d784b2e7e890ec6986753fddc1a10b3eacf40,.narc,NARC archive,4e415243feff0001105c020010000300
198,/data/fs_kanban.nsbca,5580288,5582324,2036,41b95f6d1c3e3bfac512d44d17669a94843e21439c6bd4275933464139129b24,.nsbca,NSBCA animation,42434130fffe0100f407000010000100
199,/data/ground0.NCGR,5582336,5615152,32816,11c41561e7436491dcfec563b5acdc60ad5a4bbb26ca5b5ead43762eec4c6722,.ncgr,NCGR graphics,5247434efffe00013080000010000100
200,/data/ground0.NCLR,5615616,5616168,552,35263e138d7e792ea5509bacd9c44e25e77028dbbccf39b48f76a5249d5b3e0a,.nclr,NCLR palette,524c434efffe00012802000010000100
201,/data/ground0.NSCR,5616640,5618724,2084,3ab3b003d343c067cc9b3e9c45fdd2ebe2ff4d8e4d2fe0a2bab0cbc4d028b16a,.nscr,,5243534efffe00012408000010000100
202,/data/guru2.narc,5619200,5810924,191724,8c3a803c0a2c3d5d5600c5d281df52dca9c39f3225ffac1e5430873cc4a439ba,.narc,NARC archive,4e415243feff0001ecec020010000300
203,/data/kemu_itpconv.dat,5811200,5811220,20,e985fdcdde6952900c40e69ebb53010e24cbb5d7370a604962dc8104fe3d8f18,.dat,,04000000000003000600090000010203
204,/data/lake_anim.nsbtx,5811712,5816144,4432,b474bda5a56416dee86d57f43f17414265e91477b5990b00aa3a6d145d12d4af,.nsbtx,NSBTX texture,42545830fffe01005011000010000100
205,/data/miniasahamabe.nsbtx,5816320,5820808,4488,753ea89fce5bf92a8f65ea5a4d7a90f774fc282f54ea97d999ce9203fde63f36,.nsbtx,NSBTX texture,42545830fffe01008811000010000100
206,/data/miniasasea.nsbtx,5820928,5822328,1400,bc976c5218b1ce8561ff47c0a7cac4b560a7128439e2e173f4cba2476f68b3d6,.nsbtx,NSBTX texture,42545830fffe01007805000010000100
207,/data/minihamabe.nsbtx,5822464,5826952,4488,cb3d2f02227509848d1623fa39f42bc171c8337da3605a89076a286450a19382,.nsbtx,NSBTX texture,42545830fffe01008811000010000100
208,/data/minimum.nsbtx,5827072,5828472,1400,155a8541e3c57084d98af2463ee9530f9b45bf7bd1e4c403d0e56defa47510b9,.nsbtx,NSBTX texture,42545830fffe01007805000010000100
209,/data/minirhana.nsbtx,5828608,5829320,712,ebfa325c84a395484192f52d2b103974efdf9c0f27506eee728b8f9409033d23,.nsbtx,NSBTX texture,42545830fffe0100c802000010000100
210,/data/nfont.NCGR,5829632,5862448,32816,e410717b2e20e7480fd141fb3d03cb5da2b3b847f879957466bed40c1b0341b7,.ncgr,NCGR graphics,5247434efffe00013080000010000100
211,/data/nfont.NCLR,5862912,5863464,552,0bf22d2454070563b5620cee5d7ae0f5a730b26ee5a201cbfd320262972df9b5,.nclr,NCLR palette,524c434efffe00012802000010000100
212,/data/pc.nsbca,5863936,5864332,396,7aa84debb0c59cef33397f91465936db833e7f3988665faf4f371d4fbe62c450,.nsbca,NSBCA animation,42434130fffe01008c01000010000100
213,/data/pl_wifi.ncgr,5864448,5865024,576,d43dc9dedac998e67448e69e7f9f31732528154b672f6cc6e2efa522c5751524,.ncgr,NCGR graphics,5247434efffe01014002000010000200
214,/data/pl_wm.ncgr,5865472,5866048,576,ced58383a0c9395fe6975f2cef706e2e7b527e4dd4006ea1276555412dfc4bf7,.ncgr,NCGR graphics,5247434efffe01014002000010000200
215,/data/pl_wm.nclr,5866496,5867048,552,b087be2bd632abd639697f70afbd955d2e51ab5205ef8a991f9490af54e526d2,.nclr,NCLR palette,524c434efffe00012802000010000100
216,/data/plist_canm.resdat,5867520,5867716,196,6aefb4083e39d953bfb0a8f6dd0331fdec3e5780d4d57b6767bbab3a4dd2cca4,.resdat,,03000000140000000000000000000000
217,/data/plist_cell.resdat,5868032,5868228,196,55e6332f0852f988a2cc713b23b98064032d246e0fc20ece0113b650e5b49f38,.resdat,,02000000140000000100000000000000
218,/data/plist_chr.resdat,5868544,5868860,316,4400362e841a88126c3f1ef31f38b21fb9beb5ca69bbd92d71b1061205d98820,.resdat,,00000000140000000200000000000000
219,/data/plist_h.cldat,5869056,5869472,416,8278e86c245bd6a3e22a2a360c9c33f593d2327467e0257c8594e8ac787afb9c,.cldat,,00000000000000000000000000000000
220,/data/plist_pal.resdat,5869568,5869716,148,f1abc76d96d88132168ad73dfd850c6e6b875a7ec54948e7e9f2ac09998567c7,.resdat,,01000000140000000800000000000000
221,/data/porucase_canm.resdat,5870080,5870156,76,9bdcc1919c667a68fb4cbfbfe4fb7a0b3e112c8052b82d4026bd54ede817729e,.resdat,,03000000530000000700000000000000
222,/data/porucase_celact.cldat,5870592,5870688,96,98da22b91ed5487b9daa2d1b200c150b6dfea5a8c0426fb2dffc204848b15fd6,.cldat,,00000000000000000000000000000000
223,/data/porucase_cell.resdat,5871104,5871180,76,ae15f03165e11e9126cabd75e06573794ad6079c74d63b27193c9bed592734e0,.resdat,,02000000530000000600000000000000
224,/data/porucase_chr.resdat,5871616,5871692,76,c42ad0ab9664ac46b9a6db1f1e38391fafb210d8113519166126cb268d0b88e5,.resdat,,00000000530000000400000000000000
225,/data/porucase_pal.resdat,5872128,5872180,52,a31b47ea496719503fc802d7e87541a3585423b0392150aa9432827358e05269,.resdat,,01000000530000000100000000000000
226,/data/pst_canm.resdat,5872640,5873076,436,566a85d13cb2f048298d5728c3f2bf711a0a06066120075e1e0b843d229cf9a1,.resdat,,03000000270000002f00000000000000
227,/data/pst_cell.resdat,5873152,5873588,436,8e83f1caed1a67437574c65c0eb06117002ef3c831aeedf5693869fac7d5cdb1,.resdat,,02000000270000003000000000000000
228,/data/pst_chr.resdat,5873664,5874724,1060,eacc4dbe1f694a02c94f309a0b5feb9ed52af16826a8305be162eb373aaf5df5,.resdat,,00000000270000001500000000000000
229,/data/pst_h.cldat,5875200,5876608,1408,436de87b1b9a4ac7a078b9db17453fe86567207c252d5245f03083f8d974512e,.cldat,,00000000060000000000000000000000
230,/data/pst_pal.resdat,5876736,5876908,172,87a5957cf29fb9533656d475503784f95950ef1933a4550c3e0452aef488cbac,.resdat,,01000000270000004500000000000000
231,/data/shop_canm.resdat,5877248,5877348,100,823fcb63ac3823f4465aa0ff1e3f1aad19d9e55b474de831c9068055b91e2b65,.resdat,,030000003e0000000600000000000000
232,/data/shop_cell.resdat,5877760,5877860,100,eb0b7ead8bac9b90762be6f339fe2504f489fe9a298759e91f5b4bfcf8e5acfa,.resdat,,020000003e0000000500000000000000
233,/data/shop_chr.resdat,5878272,5878372,100,005159feb5641bd7d1218bfd92305c98d3253ab6a5dffd6305f18baef52b0234,.resdat,,000000003e0000000400000000000000
234,/data/shop_h.cldat,5878784,5878912,128,39efe178b8d718386cd8d9a5fcd5ec5aca0934b6840b7147609dd2e844b97b1a,.cldat,,00000000000000000000000000000000
235,/data/shop_pal.resdat,5879296,5879372,76,8cd4a0abea77d5a26e519d25f416c068930d49dae2ba51bfd180cb5a5b6d6040,.resdat,,010000003e0000000a00000000000000
236,/data/smptm_koori.NANR,5879808,5879971,163,8b86c5a47c78fad0302baee732fb713abf1b3ff0a80e84164514cb20c56aba55,.nanr,NANR animation,524e414efffe0001a300000010000300
237,/data/smptm_koori.NCER,5880320,5880535,215,cab213e4865c507e57a2530d8647b1adaee6f68c33bd28e1b319c95c66435e35,.ncer,NCER cell,5245434efffe0001d700000010000300
238,/data/smptm_koori.NCGR,5880832,5884080,3248,0bbdb832a2e68b212b7d16e2a33422bdd0b6e534691b3f98ed1c0f7461665583,.ncgr,NCGR graphics,5247434efffe0101b00c000010000100
239,/data/smptm_koori.NCLR,5884416,5884968,552,e8b3ecf1147d10858d39b4778e12f7799156b37d355235146bce06c0f7918ba2,.nclr,NCLR palette,524c434efffe00012802000010000100
240,/data/smptm_nemuri.NANR,5885440,5885551,111,02501a6a5ce892afbfaf7aaf1ac388045db6e55ade71548a00cc3a91b7fb3f37,.nanr,NANR animation,524e414efffe00016f00000010000300
241,/data/smptm_nemuri.NCER,5885952,5886051,99,c3325d4ceb81ca33fecea1cf20ff792369cf038863e3875af4305afb6791f7a0,.ncer,NCER cell,5245434efffe00016300000010000300
242,/data/smptm_nemuri.NCGR,5886464,5887024,560,8aedbf79a2c78ed76691eaa997a1a9b409aab774f94d02b928e44282b560a50d,.ncgr,NCGR graphics,5247434efffe01013002000010000100
243,/data/smptm_nemuri.NCLR,5887488,5888040,552,7072a697c60eb373779b149f3113041ff5111d7bb898ec44fd6bd7c62c4ac62d,.nclr,NCLR palette,524c434efffe00012802000010000100
244,/data/str2uni.bin,5888512,5893344,4832,3c6d570b9d985d41b59ddbad47055de139b5c36878cd0746815b0d183853fb5b,.bin,,00ac01ac04ac07ac08ac09ac0aac10ac
245,/data/t3_fl_b.nsbtx,5893632,5894224,592,a11539bf20040b840209de86dde37c3aa1ec26058f5b782da16bf3a0cb663257,.nsbtx,NSBTX texture,42545830fffe01005002000010000100
246,/data/t3_fl_p.nsbtx,5894656,5895248,592,d01550848b0f4124ee32f8279744cbb939f6544747896660b99150c6eeb62b44,.nsbtx,NSBTX texture,42545830fffe01005002000010000100
247,/data/t3_fl_r.nsbtx,5895680,5896272,592,67c4f0ad6b0ba3b4ad9e576cd0739729aa37112639786c774d26e9f2c69a9f5d,.nsbtx,NSBTX texture,42545830fffe01005002000010000100
248,/data/t3_fl_y.nsbtx,5896704,5897296,592,9b3b8aa1df95dc347cc684692c36ad1df49a81815c68b0a0d23cebf4f92d05aa,.nsbtx,NSBTX texture,42545830fffe01005002000010000100
249,/data/test.atr,5897728,5899776,2048,f955bdcb6611c4e3033cf5104e01c732001da4a79e23f7771fc6f0216195bd6e,.atr,Nintendo LZ11,11111111111111111111111111111111
250,/data/tmap_block.dat,5899776,5904148,4372,6f1077e1c1eebcba503361972651c7b4747396d3f3ebfe526ff1a73176101bfb,.dat,,b600000003001a00010016000200ffff
251,/data/tmap_flags.dat,5904384,5905116,732,a1b0002fe43379e9bff3d8e50ce6cbfba185640945f1d523ebe2ba84049b3413,.dat,,b6000000000000000000000000000000
252,/data/tmapn_canm.resdat,5905408,5905556,148,72425a598afa45b0bdddfabab629b5bcb943637671b4ed84b60af97546f60c8a,.resdat,,03000000110000000600000000000000
253,/data/tmapn_celact.cldat,5905920,5906112,192,fd393f5096a32d5931f4654f1eb758ba878749e44a188d30c06a37a24933ea66,.cldat,,00000000010000000000000000000000
254,/data/tmapn_celact.txt,5906432,5906700,268,8152f0391dee4c278cc3a66f526ed03079522533205a636c902166516afe7d42,.txt,Nintendo RLE,302c312c302c302c6e2c6e2c302c302c
255,/data/tmapn_cell.resdat,5906944,5907092,148,ef5015c57fa94c1c7c8c58005f7b067b1b3b7232520f4c640ed248edd281eaf0,.resdat,,02000000110000000500000000000000
256,/data/tmapn_chr.resdat,5907456,5907604,148,38bbe458432e856b8dfac9430db63d10f243d0e914667e5ba3f81202b1da90eb,.resdat,,00000000110000000400000000000000
257,/data/tmapn_pal.resdat,5907968,5908044,76,e27ac43992dec007f7f0eeeb01435a3c55efcc40699fc72749c1e1fba8d5730d,.resdat,,01000000110000000200000000000000
258,/data/tmapn_res_canm.txt,5908480,5908650,170,406713c3a6ca63c7cbb6ea999821dba41ff93ac55c315ee20b551ab86ed97d6d,.txt,,332c312c0d0a31372c362c302c302c09
259,/data/tmapn_res_cell.txt,5908992,5909178,186,60b5ca5d92731d92e53b1dcfba5be6ce71ffefc7352f2674b781bd283c49e3d0,.txt,,322c312c0d0a31372c352c302c302c09
260,/data/tmapn_res_chr.txt,5909504,5909724,220,884025c767a9a17a29aa0fd3d659a8af69d004fab778c988587ae8bec7b5fa12,.txt,Nintendo RLE,302c312c0d0a31372c342c302c302c32
261,/data/tmapn_res_pal.txt,5910016,5910165,149,c7a4e4407de1c66fa9f30e55af1fdfde1b7f018ae55866fdd4f94a0d53c4881b,.txt,,312c312c0d0a31372c322c302c302c31
262,/data/tradelist.narc,5910528,5921396,10868,69ff435241dccf7824b576313f539c64ee48d0b3d148f2926e8f8abc9dca0f5b,.narc,NARC archive,4e415243feff0001742a000010000300
263,/data/trapmark.narc,5921792,5922404,612,6f577df39a0bc2efb3605011ec4b424575c4316d5c361f88a461d7ac89455a79,.narc,NARC archive,4e415243feff00016402000010000300
264,/data/tw_arc_etc.naix,5922816,5924301,1485,b7880f55157a5995e1c3322bdb7bae5a44297667c7ed6ba2e1c744e591f3cbfe,.naix,,2f2a2a2a2a2a2a2a2a2a2a2a2a2a2a2a
265,/data/tw_arc_etc.narc,5924352,5946840,22488,ad6734f1fc98d8db9b787e0e3f3bd7202b02cf1f2e57b900e605ffba43f50424,.narc,NARC archive,4e415243feff0001d857000010000300
266,/data/ug_anim.narc,5946880,5970560,23680,cd49b51638dcf62c8f98725b613496d430b88ceab8c890d152f615548c69fb89,.narc,NARC archive,4e415243feff0001805c000010000300
267,/data/ug_base_cur.nsbmd,5970944,5972628,1684,3a6a9145c00acfda492b047cab5d7ad275c4cda60c58b7a01a72fbe3a3c0a101,.nsbmd,NSBMD model,424d4430fffe02009406000010000200
268,/data/ug_boygirl.NCGR,5972992,5977648,4656,48d58205e3af7664dee5a0391fd9235cf6d6c6e4ea1dc09e3c2c1720b196f8b4,.ncgr,NCGR graphics,5247434efffe00013012000010000100
269,/data/ug_boygirl.NCLR,5978112,5978664,552,5b223381bb291856354054377270449984122dc23178863f25dc13e6e84aab15,.nclr,NCLR palette,524c434efffe00012802000010000100
270,/data/ug_fossil.narc,5979136,5995224,16088,4f48a58a7eaedfe8274d27bc35ca478f9d66e677a8fe766f3fd8ceaaf6642236,.narc,NARC archive,4e415243feff0001d83e000010000300
271,/data/ug_hero.NANR,5995520,5995769,249,9082d4c4ec380836f4b632c390b3920d281b0ca5d88400f7a92110e8b192d5e6,.nanr,NANR animation,524e414efffe0001f900000010000300
272,/data/ug_hero.NCER,5996032,5996297,265,a5ae217f2e4880f1aee8ebf3d3577bf1bef40e22f9c7ff48076dcddfed8ddf47,.ncer,NCER cell,5245434efffe00010901000010000300
273,/data/ug_hole.NANR,5996544,5996758,214,bfd73e8fffad25a2db44e513c11069c0f3d13726d5db00ecd7eb91202009026c,.nanr,NANR animation,524e414efffe0001d600000010000300
274,/data/ug_hole.NCER,5997056,5997218,162,146cc38ba450df40c78773790564d35c3799a8b308b5c3bfd381be7f6920b55b,.ncer,NCER cell,5245434efffe0001a200000010000300
275,/data/ug_hole.NCGR,5997568,5998896,1328,d18c686e78cb6a83168cad8df2ef75a489ad4854dcf9c2e14add46868f7daae6,.ncgr,NCGR graphics,5247434efffe00013005000010000100
276,/data/ug_parts.narc,5999104,6132124,133020,6aef71920a64161cb0879222c36a89a2b6a2be34db605b8ad68766c2b5f2c68d,.narc,NARC archive,4e415243feff00019c07020010000300
277,/data/ug_radar.narc,6132224,6146664,14440,38c022b32cbfb6be13a80aef230dceb386785284da947a1357a44d8a6019fec2,.narc,NARC archive,4e415243feff00016838000010000300
278,/data/ug_trap.narc,6147072,6268844,121772,41fd698d83b7f883100b7cd2d2796486ac6fd2293da4736e1fda7bbaee571fc3,.narc,NARC archive,4e415243feff0001acdb010010000300
279,/data/ugeffect_obj_graphic.narc,6268928,6288744,19816,07cd66cad70cdd6923f3d34104357501e0ea3b7ff63abc4ebdaacbbcb3549ec7,.narc,NARC archive,4e415243feff0001684d000010000300
280,/data/uground_cell.resdat,6288896,6288972,76,0c50e13f1dbcb0851e33cf7ef4a77ea35c42699eaef90e356150990478924e38,.resdat,,020000002f0000000500000000000000
281,/data/uground_cellanm.resdat,6289408,6289484,76,6190918be0b8fa7b3ba260ac05ebad1916229248157803c65fa038cec2f2c636,.resdat,,030000002f0000000400000000000000
282,/data/uground_char.resdat,6289920,6289996,76,badc16d06b427eb138241e53ad783835a0ba4149125e4649c89a5ad2a0861461,.resdat,,000000002f0000000000000000000000
283,/data/uground_char2.resdat,6290432,6290508,76,66ca5e25a5e8df7eea64adb0d7418ea423ac1c8c969336be267b5ee064c8a617,.resdat,,000000002f0000000200000000000000
284,/data/uground_clact.cldat,6290944,6291040,96,e2fbcefbe3bbc036c8471198c98595e364ef428711dfc428558417edae75c322,.cldat,,00000000000000000000000000000000
285,/data/uground_pltt.resdat,6291456,6291508,52,d5fc6e80c4477cc6d53399932068fa32203020c22ecae81849b366aae12e34a0,.resdat,,010000002f0000000100000000000000
286,/data/uground_pltt2.resdat,6291968,6292020,52,cae65e73a4ac3ccbf8f7b82dfd96a1b1bf04fe0f2227bee08eccfb569fe3e2a8,.resdat,,010000002f0000000300000000000000
287,/data/ugroundeffect.naix,6292480,6293245,765,e41f4e6c1ecb4bedb1c1cf4e388c993d0063df4282671bab8e59bb551d463a0a,.naix,,2f2a2a2a2a2a2a2a2a2a2a2a2a2a2a2a
288,/data/ugroundeffect.narc,6293504,6294116,612,904264a60b0b974ea408b3b491bc86a53327f23fe743b0aac731e3ff432b4297,.narc,NARC archive,4e415243feff00016402000010000300
289,/data/underg_radar.narc,6294528,6336052,41524,f02b453a55678f112c31b7a78b794d132b25212641a767f83f3cf42017cd704d,.narc,NARC archive,4e415243feff000134a2000010000300
290,/data/UTF16.dat,4413952,4414442,490,2e66cc1325a472ba8de7c88562216f02f6d478743f29e99732c2c58a10bfc728,.dat,,fffe0030413042304330443045304630
291,/data/utility.bin,6336512,7266364,929852,db8ee36170897f60791f713b7669c50a125e62c6ad775fda98466c85fe48e81e,.bin,Nintendo LZ10,10000000a8170000c0170000500c0000
292,/data/weather_sys.narc,7266816,7345136,78320,acd4b6b193287ba420037be4ed56567d4c4ab2a1166cc815ccb67398b822905e,.narc,NARC archive,4e415243feff0001f031010010000300
293,/data/wifi.ncgr,7345152,7345728,576,430c0ce5ad939c0dbc403f5c508d17bd74f54177415ae1163a5741b966d88043,.ncgr,NCGR graphics,5247434efffe01014002000010000200
294,/data/wifip2pmatch.narc,7346176,7496804,150628,467e8dc878fd233e8a5867155c615ebbfbe2ce75fe569ee3adaa21e5da55f25e,.narc,NARC archive,4e415243feff0001644c020010000300
295,/data/wm.ncgr,7497216,7497792,576,ced58383a0c9395fe6975f2cef706e2e7b527e4dd4006ea1276555412dfc4bf7,.ncgr,NCGR graphics,5247434efffe01014002000010000200
296,/data/wm.nclr,7498240,7498792,552,63ebf8df9ecd51dec151a7b3670f2cfdd79892d499acb07b23418cba1ae50fa5,.nclr,NCLR palette,524c434efffe00012802000010000100
297,/data/mmodel/fldeff.narc,67532288,67853068,320780,881770546967016992de051b06458b2a6599264f2d9c77408aafa8b25c252706,.narc,NARC archive,4e415243feff00010ce5040010000300
298,/data/mmodel/mmodel.narc,66065920,67531908,1465988,47ca5ab1b49a3f177b2d43e8fbdf05e74172883bc6dd0c648d9f3fb92f5cd224,.narc,NARC archive,4e415243feff0001845e160010000300
299,/data/sound/pl_sound_data.sdat,14984192,22931200,7947008,2800b19d4936b52b5eb8a096c55a80142cab1c4a86988a9911fbc8b183dd5d19,.sdat,SDAT sound archive,53444154fffe00010043790040000400
300,/data/sound/sound_data.sdat,7499264,14984032,7484768,c3f5535dfae0bde260b39accef3a72149d735d62aa4b68ec34ed4ba3516672c8,.sdat,SDAT sound archive,53444154fffe00016035720040000400
301,/debug/cb_edit/d_test.narc,95711744,95723488,11744,be2ede7ab87e66d4ac5f8d33cbdeffb8730123546a06e90150ec064fe1d9965d,.narc,NARC archive,4e415243feff0001e02d000010000300
302,/demo/egg/data/egg_data.narc,93196288,93207292,11004,c4fcc55205b9fbc52a00fad3451b6f8766e94bb05f90578ff7f66cc78ea8a134,.narc,NARC archive,4e415243feff0001fc2a000010000300
303,/demo/egg/data/particle/egg_demo_particle.narc,93207552,93217260,9708,97429870ad23f453d0d10aae69d899ddc9825b2ecd6fe06917563d9f54b4819a,.narc,NARC archive,4e415243feff0001ec25000010000300
304,/demo/intro/intro.narc,95133696,95246316,112620,f3bc0fa18b54f7b65dad617c52e04699eb3e97889fe6ecb564e1cb58f6dc1964,.narc,NARC archive,4e415243feff0001ecb7010010000300
305,/demo/intro/intro_tv.narc,95246336,95355524,109188,05fe8f3d86de699f4c02c3a4aa5b23acac68427276a2686ef5b969ad54e53dae,.narc,NARC archive,4e415243feff000184aa010010000300
306,/demo/shinka/data/particle/shinka_demo_particle.narc,95123968,95133332,9364,4519249fa8c3c6da9c20579dde3a6447aaa77b05f5c33f8f92eff5cbdbd4a3b1,.narc,NARC archive,4e415243feff00019424000010000300
307,/demo/syoujyou/syoujyou.narc,95355904,95395652,39748,9b07b799c2018957815afcfa29706a5c0e0df679492e955d3fde14c31af20b50,.narc,NARC archive,4e415243feff0001449b000010000300
308,/dwc/utility.bin,101700608,102630460,929852,db8ee36170897f60791f713b7669c50a125e62c6ad775fda98466c85fe48e81e,.bin,Nintendo LZ10,10000000a8170000c0170000500c0000
309,/fielddata/areadata/area_data.narc,73246720,73247972,1252,1e5689af536504ecf45addf926840800aca321665a57a38a164864cd2f68df5e,.narc,NARC archive,4e415243feff0001e404000010000300
310,/fielddata/areadata/area_build_model/area_build.narc,73248256,73254724,6468,d259b1f9531663d2cc62536aa7fe15e6c94a1ce6979876023207e51b6a9906f0,.narc,NARC archive,4e415243feff00014419000010000300
311,/fielddata/areadata/area_build_model/areabm_texset.narc,73254912,74872760,1617848,92fa4b336e562a32efe8f6d51ff1aa56e0c8d54a1d07ac48a169cf5e94ec8fcb,.narc,NARC archive,4e415243feff0001b8af180010000300
312,/fielddata/areadata/area_map_tex/map_tex_set.narc,74872832,76745516,1872684,301b70271068a43e7be0c88deaa3c93d6b2f7686335009cbe301bb1f37b801bd,.narc,NARC archive,4e415243feff00012c931c0010000300
313,/fielddata/areadata/area_move_model/move_model_list.narc,76745728,76747160,1432,d1a5cb3c1fe72d043596329283008be4f1c9468d0532cee366717e8c37800493,.narc,NARC archive,4e415243feff00019805000010000300
314,/fielddata/build_model/build_model.narc,70971392,73226284,2254892,047ac52db4d091d3b21d1d867d2a0337a54e390c1b45cbd1333ecd7132e67f64,.narc,NARC archive,4e415243feff00012c68220010000300
315,/fielddata/build_model/build_model_matshp.dat,73226752,73233152,6400,90e140ce5b3238110049ecdaa3f11a9c15ac7028f4cad938d24c596d7b32ec3c,.dat,,4e02f103010000000100010001000200
316,/fielddata/encountdata/d_enc_data.narc,70733312,70812420,79108,8872da981014c6da71a0ba6d20ad05ccefafa3e1895d9b1295f588fd7af64080,.narc,NARC archive,4e415243feff00010435010010000300
317,/fielddata/encountdata/p_enc_data.narc,70812672,70891780,79108,41be039d459f5eeacfb537a79d3237cfe3b0ba9d3e4310f40d6d2c20853839e6,.narc,NARC archive,4e415243feff00010435010010000300
318,/fielddata/encountdata/pl_enc_data.narc,70892032,70971140,79108,44e1b7307638a509bee6e7fc4a2085267add44d12fe2d590559d69fabdbc1687,.narc,NARC archive,4e415243feff00010435010010000300
319,/fielddata/eventdata/zone_event.narc,70575104,70732904,157800,6ed2f4971ceb15358f0a1a6b108d564dd8ae58b174025905bad691ebdef97ff1,.narc,NARC archive,4e415243feff00016868020010000300
320,/fielddata/land_data/land_data.narc,76747264,92873104,16125840,4ef00e014500a2974b5579e117401bfe2f40d9fa71bc6b14d54a39b3dd3c00e0,.narc,NARC archive,4e415243feff0001900ff60010000300
321,/fielddata/mapmatrix/map_matrix.narc,73233408,73246460,13052,ba11ef91592014659663d762a86bfe85a1f02866b96c348b2ad59e4aed66b6c7,.narc,NARC archive,4e415243feff0001fc32000010000300
322,/fielddata/maptable/mapname.bin,95081984,95091472,9488,6d3eefddc493908d47b9cf4d49483db0a47a64e4a07581d2a05ee1903b1f6c59,.bin,,45564552595748455245000000000000
323,/fielddata/mm_list/move_model_list.narc,93217280,93217888,608,3a424fe0f8e51ac30768ebcfc4eee5dbcea1fd8559ff725fd8d51ccc3e7fce8b,.narc,NARC archive,4e415243feff00016002000010000300
324,/fielddata/script/scr_seq.narc,56525824,56830788,304964,01236311c10c0a2825fb5778d7f0c4ec6a1393be31ec045678dab4cef0cb3c3f,.narc,NARC archive,4e415243feff000144a7040010000300
325,/fielddata/tornworld/tw_arc.narc,96155136,96162832,7696,ff9e88756cdadf16ff18276efb6bdeff59fc8a71bf65777b8e7e7f4bca277a8a,.narc,NARC archive,4e415243feff0001101e000010000300
326,/fielddata/tornworld/tw_arc_attr.narc,96163328,96188052,24724,29c8301cb3c7de8b4549cd37eb8f8472dfce82d0992008749a047a308455b0c9,.narc,NARC archive,4e415243feff00019460000010000300
327,/frontier/script/fr_script.narc,95727104,95769820,42716,6d96fcc1452cfec681ab618aa5595848607b43996c451a398baf63ce1827875f,.narc,NARC archive,4e415243feff0001dca6000010000300
328,/graphic/btower.narc,56830976,56847864,16888,6913c3f0f7df4d60b282b317812e5c496232adc6eae0dccee86d0aaca81df218,.narc,NARC archive,4e415243feff0001f841000010000300
329,/graphic/bucket.narc,56847872,57107568,259696,5e831412b0cf12ed24c44fc063542cea205b113cca341e3697586f32495098af,.narc,NARC archive,4e415243feff000170f6030010000300
330,/graphic/config_gra.narc,57107968,57108652,684,cd4fdb2d299ace3698da3ca72f4acf961759128fa4fd08dc3afe50c0396778e6,.narc,NARC archive,4e415243feff0001ac02000010000300
331,/graphic/demo_trade.narc,57108992,57140504,31512,84c5643070177367c342b8d5a18c679639b03c305b77933fb007a929e74f99cf,.narc,NARC archive,4e415243feff0001187b000010000300
332,/graphic/dendou_demo.narc,57140736,57142300,1564,d3f76c5c4cc8c5fa92b659a0e8442e36eb9523d8f4fd33144f684926995e9e95,.narc,NARC archive,4e415243feff00011c06000010000300
333,/graphic/dendou_pc.narc,57142784,57143452,668,3844b3b7482c93aa0e6397e3ed09f390e61e10bbc839b902ed26760b30c68dae,.narc,NARC archive,4e415243feff00019c02000010000300
334,/graphic/ending.narc,57143808,58998752,1854944,20989e0c37f1e6683c7d2464835256297405cf3165edf76f24062a508e401b0a,.narc,NARC archive,4e415243feff0001e04d1c0010000300
335,/graphic/ev_pokeselect.narc,58998784,59139364,140580,57f6359243b2e663b5a23aa525f2719f0f2333e419580d4dbb227fc015be02b0,.narc,NARC archive,4e415243feff00012425020010000300
336,/graphic/f_note_gra.narc,59139584,59150204,10620,3a1b1600f28697f037f39be18786cb600a020bebba6e26e85971bb813e0e2b3a,.narc,NARC archive,4e415243feff00017c29000010000300
337,/graphic/field_board.narc,59150336,59193596,43260,d680053f0afe3c8a3fac35900b8d4e829b66f27d6191dddd37895619967fd85b,.narc,NARC archive,4e415243feff0001fca8000010000300
338,/graphic/field_encounteffect.narc,59193856,59458756,264900,0b3b4ed141a79769ee103e0710e927edaf2d44deae56113e91bdabd9dc55aead,.narc,NARC archive,4e415243feff0001c40a040010000300
339,/graphic/fld_comact.narc,59459072,59459940,868,1ca3e421c0ad0a380bc6ecb063aba373097af1f80e70113c87f245185b7bc437,.narc,NARC archive,4e415243feff00016403000010000300
340,/graphic/font.narc,59460096,60219936,759840,97b5d1de58b7e625daf6b5894635bc139dab283ff060976c8dfe8fe4e6c41d6a,.narc,NARC archive,4e415243feff000120980b0010000300
341,/graphic/fontoam.narc,60220416,60221860,1444,5ccff2254dbf1fe7df12be151d74de7b5a6c6d44c49d3a3fc0cee77419ed1fb7,.narc,NARC archive,4e415243feff0001a405000010000300
342,/graphic/footprint_board.narc,60221952,60258260,36308,8d717b0349d66aee622b03653e4ef3827ab3110ddf0c6927633c0d6d8e905953,.narc,NARC archive,4e415243feff0001d48d000010000300
343,/graphic/hiden_effect.narc,60258304,60290580,32276,85d834c089435928fcea971930c872f0cb62040ddd421a25c8e4dda91910a7dc,.narc,NARC archive,4e415243feff0001147e000010000300
344,/graphic/library_tv.narc,60291072,60544344,253272,d6ac6da421d558c9a4d858155717df3e749f20c6d98cd0fc089841b3c17c7e9b,.narc,NARC archive,4e415243feff000158dd030010000300
345,/graphic/lobby_news.narc,60544512,60608932,64420,e942ae3022b4020b85e960e288efacbd54946fd52b0d7a93f01fc6cbafe811dd,.narc,NARC archive,4e415243feff0001a4fb000010000300
346,/graphic/mail_gra.narc,60609024,60715824,106800,e0c78256d8335716657696d8363b71671606d5634d69e0cfdeb188ee9fde7655,.narc,NARC archive,4e415243feff000130a1010010000300
347,/graphic/menu_gra.narc,60716032,60735344,19312,85984abae7f2d5765c97dd596512d42212029ad56892c6c2c973e5450ec928fd,.narc,NARC archive,4e415243feff0001704b000010000300
348,/graphic/mysign.narc,60735488,60739768,4280,f36c892150dee7567ade0c901eb52ae2fa9d814a53fdeddfa63dd48c46cdc94f,.narc,NARC archive,4e415243feff0001b810000010000300
349,/graphic/ntag_gra.narc,60740096,60924016,183920,1b969b5e73d02857755726622b61c5251dfa3f068a410296d193d22fa6d44d6f,.narc,NARC archive,4e415243feff000170ce020010000300
350,/graphic/oekaki.narc,60924416,60929828,5412,a81ac3264060405b30d9393f0dfc6bde237479fed739e124310e09991a5be4a1,.narc,NARC archive,4e415243feff00012415000010000300
351,/graphic/opening.narc,60930048,60957628,27580,a7f697f95321dcfb2e9c8f155daa0b032932c42215a627e0e2397cd455c61d20,.narc,NARC archive,4e415243feff0001bc6b000010000300
352,/graphic/pl_font.narc,60957696,61717608,759912,f6434c57cf00f1a4febb78e2820a111e10410e8a2117500910530bffa6269725,.narc,NARC archive,4e415243feff000168980b0010000300
353,/graphic/pl_wifinote.narc,61718016,61763356,45340,e61f007253e472e324b2c6bf03c94df16559ec5d963adc6ea7d0bbb89988b2f0,.narc,NARC archive,4e415243feff00011cb1000010000300
354,/graphic/pl_winframe.narc,61763584,61798628,35044,a6299f58d33c4a1c6bb808b068c79bb8a96c15118e2eb1fc42288f8ca5776db7,.narc,NARC archive,4e415243feff0001e488000010000300
355,/graphic/pmsi.narc,61798912,61811556,12644,0654fe9ef26ab42e224dc0992aa02776834522c7902edb7fe4ef1a0db5db7a5e,.narc,NARC archive,4e415243feff00016431000010000300
356,/graphic/poru_gra.narc,61811712,61838820,27108,9b60ede5071fed56136a5fcd31e062f0ed0fa58f3d02e0471664ea8400c8371f,.narc,NARC archive,4e415243feff0001e469000010000300
357,/graphic/poruact.narc,61838848,61844140,5292,3690bbdc63e30a2ed1a8b7082593f0aab37c1ee3bab29c415612ef9424b356b8,.narc,NARC archive,4e415243feff0001ac14000010000300
358,/graphic/porudemo.narc,61844480,61853292,8812,2a62543af8b1f73ecca4a902b1e7d384c4785dc865923d0a08ae00c013f01d65,.narc,NARC archive,4e415243feff00016c22000010000300
359,/graphic/ranking.narc,61853696,61859016,5320,41edac6df8e779a1fa6dbab5e60856b931050533f461cd6765ee5cdb5bc43aae,.narc,NARC archive,4e415243feff0001c814000010000300
360,/graphic/record.narc,61859328,61882304,22976,8584c458b83be6acc90d16a94d606576ae0d8ca06a82d893be39f2c0ddce429f,.narc,NARC archive,4e415243feff0001c059000010000300
361,/graphic/shop_gra.narc,61882368,61892976,10608,f719619e55739ba399779231b1aca23ca8a7472255a58f5cc432cf72aac0b678,.narc,NARC archive,4e415243feff00017029000010000300
362,/graphic/tmap_gra.narc,61893120,61978896,85776,5685b1b9bad1bef0d69d4a3ecfb624aa3b54f91b36e7eaa474d4bbd2412e9cff,.narc,NARC archive,4e415243feff0001104f010010000300
363,/graphic/unionobj2d_onlyfront.narc,61979136,61995084,15948,52433ee18083e47020ce2e58c2cb263cda14f4e8d724f2dd3e0b0991d9e6364c,.narc,NARC archive,4e415243feff00014c3e000010000300
364,/graphic/unionroom.narc,61995520,62000144,4624,18af9494db8ab737185c930bb3ffa6db52b3b11a643108bc1eae48305ad24428,.narc,NARC archive,4e415243feff00011012000010000300
365,/graphic/waza_oshie_gra.narc,62000640,62012724,12084,6fca079a9b8ac505a6825bf703423bba492e14eac7c292f181c702761c572dd1,.narc,NARC archive,4e415243feff0001342f000010000300
366,/graphic/wifi2dchar.narc,62012928,62834456,821528,1add9c83f3bd71f566b5864539716fbd2e5eb29a63a942d55302256501a437cd,.narc,NARC archive,4e415243feff000118890c0010000300
367,/graphic/wifi_lobby.narc,62834688,63646720,812032,8422c63b78b94efdbb737babd50873c35892396de643ef46cfaa5d01e9356c15,.narc,NARC archive,4e415243feff000100640c0010000300
368,/graphic/wifi_lobby_other.narc,63646720,64010156,363436,199e9668c71681416af4d065537d2117b7f71731e8d1554992897d6049be1a8e,.narc,NARC archive,4e415243feff0001ac8b050010000300
369,/graphic/wifi_unionobj.narc,64010240,64101476,91236,de651e7bb614bae1eed2d03787129691f71bf4553af73a816b709dadc0a8f486,.narc,NARC archive,4e415243feff00016464010010000300
370,/graphic/winframe.narc,64101888,64136932,35044,656ad458e1a40d6f30adcfa01f958ab01b205721e28ce804833f3cc5c95dfede,.narc,NARC archive,4e415243feff0001e488000010000300
371,/graphic/worldtimer.narc,64137216,64353828,216612,13e502908754b831ef43517d5b8762490756f50e764e15a6f22aaabf7264e4a0,.narc,NARC archive,4e415243feff0001244e030010000300
372,/graphic/worldtrade.narc,64354304,64401108,46804,12a39400dfeeda7cb9937c026f4354237b65670ca535ba0a21d8deaf162cbad1,.narc,NARC archive,4e415243feff0001d4b6000010000300
373,/itemtool/itemdata/item_data.narc,64401408,64420908,19500,a6cfe6df97f24b191d782fe0ab14a9c067a9b496afd12180b4904f56e8740c7e,.narc,NARC archive,4e415243feff00012c4c000010000300
374,/itemtool/itemdata/item_icon.narc,64421376,64821328,399952,3283f84a96e8a9726808a3867afaa2e98788986176afac1ab1a266633d60a30b,.narc,NARC archive,4e415243feff0001501a060010000300
375,/itemtool/itemdata/nuts_data.narc,64821760,64823092,1332,671d1d33478a40e89f5d9811827649b880666321bf7dfe83b4c7be4fce69c97e,.narc,NARC archive,4e415243feff00013405000010000300
376,/itemtool/itemdata/pl_item_data.narc,64823296,64842972,19676,7e08d3e9a9403d41a340446a6d5d4308c643656462948777928c60e4afd5350f,.narc,NARC archive,4e415243feff0001dc4c000010000300
377,/msgdata/msg.narc,25586176,27035232,1449056,338980041f88e4efafab074450286e0f1f0a0349076a794a773d726939c166e0,.narc,NARC archive,4e415243feff0001601c160010000300
378,/msgdata/pl_msg.narc,22931456,25585804,2654348,31a58fe9f085d79f74469d353787c2a53c50879c94c218d822b8700ff3f9095a,.narc,NARC archive,4e415243feff00018c80280010000300
379,/msgdata/scenario/scr_msg.narc,27035648,27042396,6748,89e84ab4475c85ad4358761c89c69c16f51c024041d2081a1da6ad1ad51b7cba,.narc,NARC archive,4e415243feff00015c1a000010000300
380,/particledata/particledata.narc,92887552,92932792,45240,78d15ced7d57f02cedbb1a7fc5d72d69fe8442d8968179bfe3672c62c1250e7a,.narc,NARC archive,4e415243feff0001b8b0000010000300
381,/particledata/pl_etc/pl_etc_particle.narc,96267264,96288856,21592,110f8f54bef229000d3cffdc00278bc5a72982f20a8a17f12e10db47595edad5,.narc,NARC archive,4e415243feff00015854000010000300
382,/particledata/pl_frontier/frontier_particle.narc,95770112,95834136,64024,a4f9e4985c64b844909cfc2008cfcfc9f03fe5fc149e81fc3d49667a7db9285a,.narc,NARC archive,4e415243feff000118fa000010000300
383,/particledata/pl_pokelist/pokelist_particle.narc,96188416,96194124,5708,2c8ec477064fc89884f0fb6689b19513514443f3256f0ebf3d88c9a0dbb15324,.narc,NARC archive,4e415243feff00014c16000010000300
384,/pokeanime/pl_poke_anm.narc,93243904,93272404,28500,2299c76f657dc870b240264e3bedf25e931ee3adc767a0c9a28b4ff20409a869,.narc,NARC archive,4e415243feff0001546f000010000300
385,/pokeanime/poke_anm.narc,93218304,93243716,25412,32606834ed99b654238499e3b42610d984b61c2cf3f67368f091ccf58e9af217,.narc,NARC archive,4e415243feff00014463000010000300
386,/poketool/pl_pokezukan.narc,95093248,95094296,1048,19c9768945fb460838662a737bb3f887404fd5c010ab42a6c4ff652716ce3ad7,.narc,NARC archive,4e415243feff00011804000010000300
387,/poketool/pokezukan.narc,95091712,95092760,1048,a8072ca83eccb60cc3d94b0c7be53807e9d39e0895bc82551fd168db54eea381,.narc,NARC archive,4e415243feff00011804000010000300
388,/poketool/shinzukan.narc,95094784,95095268,484,41dd9ddb49807ce7fbf78ea54ee45cf1b3749c020eff9f3b797da9627d03219a,.narc,NARC archive,4e415243feff0001e401000010000300
389,/poketool/icongra/pl_poke_icon.narc,64843264,65428600,585336,faf07645f4989ccee23e20a8052368b61ade363ce018bc36087e33a80424b760,.narc,NARC archive,4e415243feff000178ee080010000300
390,/poketool/icongra/poke_icon.narc,65428992,66006768,577776,3463c546c112f928f2f8e82ee1638b9739d52dea1d72779704ad3cc36cfb6c1b,.narc,NARC archive,4e415243feff0001f0d0080010000300
391,/poketool/personal/evo.narc,54472192,54498660,26468,fe6e4ec493a393cac0ed89c22f7ffe00e4174fbc79025dd714188ae07b37862d,.narc,NARC archive,4e415243feff00016467000010000300
392,/poketool/personal/growtbl.narc,54498816,54502164,3348,ce5c612e32e537da3cdf7808c3f21ab217e83a75ead56027d98a7d84bb1b55d6,.narc,NARC archive,4e415243feff0001140d000010000300
393,/poketool/personal/personal.narc,54419456,54445560,26104,9bc883e846af6cc0810251c8ce05663ceadacac0f47dd83a24a93fa0cea75392,.narc,NARC archive,4e415243feff0001f865000010000300
394,/poketool/personal/pl_growtbl.narc,54502400,54505748,3348,ce5c612e32e537da3cdf7808c3f21ab217e83a75ead56027d98a7d84bb1b55d6,.narc,NARC archive,4e415243feff0001140d000010000300
395,/poketool/personal/pl_personal.narc,54445568,54472036,26468,7f80d8dfa9e19d3695e336dcb46221367d8413478f503ce57cdf3cbb89a36c3e,.narc,NARC archive,4e415243feff00016467000010000300
396,/poketool/personal/pms.narc,54505984,54507000,1016,6964c689912d1054c33ab6be62dfd484806bdbcd2e5429bf3d69f67b4938b0ce,.narc,,00000100010001000400040004000700
397,/poketool/personal/wotbl.narc,54507008,54526176,19168,a5cc293dd309f31cb6684940013d03f3c6e5cf5565e45905d57b48421a94ad5a,.narc,NARC archive,4e415243feff0001e04a000010000300
398,/poketool/poke_edit/pl_poke_data.narc,95667712,95711740,44028,a9ea1cd0ba4376852c9f5c607f426c905efd7e9288c377e5fe3dca71eb23e081,.narc,NARC archive,4e415243feff0001fcab000010000300
399,/poketool/pokeanm/pl_pokeanm.narc,95109632,95123524,13892,25af2f6e78a5a8eab609313a6e21b103604753686088ef4c51f212c89c109011,.narc,NARC archive,4e415243feff00014436000010000300
400,/poketool/pokeanm/pokeanm.narc,95095296,95109188,13892,25af2f6e78a5a8eab609313a6e21b103604753686088ef4c51f212c89c109011,.narc,NARC archive,4e415243feff00014436000010000300
401,/poketool/pokefoot/pokefoot.narc,66007040,66065644,58604,181e87eb2bf79ba6e73124d1f694e801aa48844dcdd85e66c0bd2c707e8f8688,.narc,NARC archive,4e415243feff0001ece4000010000300
402,/poketool/pokegra/dp_height.narc,27042816,27065924,23108,b44492aa09f74d2cf5f41ca13c2f7fc6d8238258c64ef49f2c23c1ac15dccec3,.narc,NARC archive,4e415243feff0001445a000010000300
403,/poketool/pokegra/dp_height_o.narc,27066368,27068052,1684,8dcef49c4815fdd7662b78ad140858fa23fba5971fae866cb6581f3cb0c8f6bd,.narc,NARC archive,4e415243feff00019406000010000300
404,/poketool/pokegra/height.narc,27068416,27091524,23108,8d4dafb68c361a2a8822227fe34a92c84d74698256d9e6b0ef0ac0c5ef6c6e34,.narc,NARC archive,4e415243feff0001445a000010000300
405,/poketool/pokegra/height_o.narc,27091968,27093892,1924,d6af79fe9dc45bf46beba2e3ecb624865636405c1cd6a395af0be35610ecdeda,.narc,NARC archive,4e415243feff00018407000010000300
406,/poketool/pokegra/otherpoke.narc,27094016,27984620,890604,cab7af2e4fef1878af6a7002eecc24c7a1c879166aaf5dfd61ebdc0bd4b92681,.narc,NARC archive,4e415243feff0001ec960d0010000300
407,/poketool/pokegra/pl_otherpoke.narc,27984896,29006220,1021324,bcce60993746ec909b6d4eee51f8b04dc7176e637bc7f41572cb133a005a2ca5,.narc,NARC archive,4e415243feff00018c950f0010000300
408,/poketool/pokegra/pl_pokegra.narc,29006336,40785012,11778676,d99ed134b21b03ae7eef8a1c8aff3072fa50ead053179bb747c008e1cfb7ed9f,.narc,NARC archive,4e415243feff000174bab30010000300
409,/poketool/pokegra/poke_shadow.narc,40785408,40785964,556,037338ffc4f027a249f506b8171dc872c875477158f019e4ea503d1ade6255ec,.narc,NARC archive,4e415243feff00012c02000010000300
410,/poketool/pokegra/poke_shadow_ofx.narc,40786432,40786988,556,0e145a476fc5d98620d37f98322efbf812cf597d4b0675beaf87846d3a643885,.narc,NARC archive,4e415243feff00012c02000010000300
411,/poketool/pokegra/poke_yofs.narc,40787456,40788012,556,a5984361e6e9167321a9b4f5ce444a3b628d36520e97e8d9c61c1477ff157969,.narc,NARC archive,4e415243feff00012c02000010000300
412,/poketool/pokegra/pokegra.narc,40788480,52567156,11778676,71e0090fbcbdf63d74c58ad78b5d256d8da09d3d028cc18faf6f5dcd99e8c424,.narc,NARC archive,4e415243feff000174bab30010000300
413,/poketool/trainer/trdata.narc,54526464,54552500,26036,15dda47cd7b3942a85cf56a0f468ba0847226d5a78b5e1f283b9ce37ec122ed3,.narc,NARC archive,4e415243feff0001b465000010000300
414,/poketool/trainer/trpoke.narc,54552576,54581176,28600,a8af8c65eb4ae5ba2a3533d9bf4243f84761fdafb833e270472ddbe86c6e5891,.narc,NARC archive,4e415243feff0001b86f000010000300
415,/poketool/trgra/trbgra.narc,52567552,52889180,321628,f79e0d8d661219e34a7fdf46d8a29a6571b905fa1a0c3ff4c14f2b4555fce278,.narc,NARC archive,4e415243feff00015ce8040010000300
416,/poketool/trgra/trfgra.narc,52889600,54419200,1529600,1b9c3dfdcc3d7f4a710fac0f75fa16b501e0a419ebb5f94cc54ac13d17c195e5,.narc,NARC archive,4e415243feff00010057170010000300
417,/poketool/trmsg/trtbl.narc,54581248,54591296,10048,0af2ad166a7358a2c752ba16f1143600fb63fbf82f3d7763c5275073dd8939ac,.narc,NARC archive,4e415243feff00014027000010000300
418,/poketool/trmsg/trtblofs.narc,54591488,54593404,1916,19c3b90af496b3979f72761f86d1975aa4fb08d9ca39812a2332762672a30355,.narc,NARC archive,4e415243feff00017c07000010000300
419,/poketool/waza/pl_waza_tbl.narc,56502272,56513628,11356,3781f3e96960ce2a2a363e7860c9ae0f99922f539b34673ab60dd80c8cc5669d,.narc,NARC archive,4e415243feff00015c2c000010000300
420,/poketool/waza/waza_tbl.narc,56514048,56525404,11356,f9f6a37e8b8170558ce14c4be35c890ff59cc97508a4aa237fdac945dfdffe54,.narc,NARC archive,4e415243feff00015c2c000010000300
421,/resource/kor/b_plist/b_plist_gra.narc,96289280,96363688,74408,1786a3fdf7ddfbdb88e4c723ea7e16ebf9b4b45599264aac7bdeb523db57b300,.narc,NARC archive,4e415243feff0001a822010010000300
422,/resource/kor/b_plist/pl_b_plist_gra.narc,96364032,96438440,74408,1786a3fdf7ddfbdb88e4c723ea7e16ebf9b4b45599264aac7bdeb523db57b300,.narc,NARC archive,4e415243feff0001a822010010000300
423,/resource/kor/bag/bag_gra.narc,96438784,96544372,105588,eeae9d36baa1022ff4827cbdc6eb7d28a33823606468acaedfa3eb808cb755e8,.narc,NARC archive,4e415243feff0001749c010010000300
424,/resource/kor/bag/pl_bag_gra.narc,96544768,96650356,105588,685d10744639a004b271371bdbec238ef4ebcb4371b7925eb092169c54d9e2c4,.narc,NARC archive,4e415243feff0001749c010010000300
425,/resource/kor/batt_rec/batt_rec_gra.narc,96650752,97247664,596912,f332effa0608c79205ea1b929ec8a8fdbedb3b4cdb222e29fa2be667355dd797,.narc,NARC archive,4e415243feff0001b01b090010000300
426,/resource/kor/battle_graphic/batt_obj.narc,97247744,97379396,131652,ed8f501abdfaf4d9b1880ba24699cdd6e4e592a378008263e10ac7a55587e5c3,.narc,NARC archive,4e415243feff00014402020010000300
427,/resource/kor/battle_graphic/pl_batt_obj.narc,97379840,97548928,169088,ba6b3954104c6bc1f1c744328634c78d5d6f23b3d2fda11434889e565f507657,.narc,NARC archive,4e415243feff00018094020010000300
428,/resource/kor/box/box.narc,97549312,97699492,150180,8dace9a5b0690ad8e3a854356a6132ae281a737729dbdab38e15599d3f227013,.narc,NARC archive,4e415243feff0001a44a020010000300
429,/resource/kor/contest_graphic/contest_bg.narc,97699840,97780648,80808,bd67416769496f2801703dfae488fd1271613db202c6c103880e44c698b20414,.narc,NARC archive,4e415243feff0001a83b010010000300
430,/resource/kor/contest_graphic/contest_obj.narc,97780736,97806020,25284,572d047aee286f7c7579751d55e7fb5914915fc058fc4e37d7f671aba0f8210a,.narc,NARC archive,4e415243feff0001c462000010000300
431,/resource/kor/dress_up_graphic/imageclip.narc,97806336,98061872,255536,b9e5fdc4781e07ff904efb3605eec2b94824c8ef8e4f04f7d9745612efeded99,.narc,NARC archive,4e415243feff000130e6030010000300
432,/resource/kor/frontier_graphic/frontier_bg.narc,98062336,98892244,829908,f30d3d5736fd1cf60afff00f97809f61c5047f7f48df0dd9beff34b97ff9c7c4,.narc,NARC archive,4e415243feff0001d4a90c0010000300
433,/resource/kor/frontier_graphic/frontier_obj.narc,98892288,98935200,42912,7d982379a61e9314fb7a4e3cf9abc66bd9d509a3a161afbffe398113d035f0b1,.narc,NARC archive,4e415243feff0001a0a7000010000300
434,/resource/kor/mysterycard/mystery.narc,98935296,98967980,32684,a3b040159247a4a4324924c0840149795cd28831033ddea0d259a42a73dfe054,.narc,NARC archive,4e415243feff0001ac7f000010000300
435,/resource/kor/nameinput/namein.narc,98968064,98984152,16088,1199d807f4c506a564d61899467fad287afe9dd1a75aefddc725c58e9bc8f131,.narc,NARC archive,4e415243feff0001d83e000010000300
436,/resource/kor/nutmixer/nutmixer.narc,98984448,99165428,180980,414a052a0d1b7fc3984c0fc1a59e9cc2b92b8b9747719b698e0516f76dbab8a5,.narc,NARC archive,4e415243feff0001f4c2020010000300
437,/resource/kor/opening_demo/op_demo.narc,99165696,100366948,1201252,9841581cecaafee43dee891880c717e3a18b9a47edefbd222887c2b659a4b67a,.narc,NARC archive,4e415243feff00016454120010000300
438,/resource/kor/p_status/pl_pst_gra.narc,100367360,100494512,127152,39488719b3fadd101fb71d6c74ba71e36622f966da77b6027c023aec08bc3be8,.narc,NARC archive,4e415243feff0001b0f0010010000300
439,/resource/kor/p_status/pst_gra.narc,100494848,100622000,127152,e83530ff8e24ad7cdc88f1f46f3ce7573695e9e63dfbc5e87f39cee72c227b92,.narc,NARC archive,4e415243feff0001b0f0010010000300
440,/resource/kor/pms_aikotoba/pms_aikotoba.narc,100622336,100623836,1500,d55be28133fd8a627ef6a95a151571bbc05a7c84230217a25094edf45b51ccdd,.narc,NARC archive,4e415243feff0001dc05000010000300
441,/resource/kor/pokelist/pl_plist_gra.narc,100623872,100663980,40108,851cf03f790d38a2babf5bd16c5154f87e47a96cdeabe9af818ae02457a14910,.narc,NARC archive,4e415243feff0001ac9c000010000300
442,/resource/kor/pokelist/plist_gra.narc,100664320,100704428,40108,afc98cdfaa34fe70ebc99f219682c3ce989b648ad91fcfcfb42bfd81294f4cf5,.narc,NARC archive,4e415243feff0001ac9c000010000300
443,/resource/kor/pokemon_trade/fld_trade.narc,100704768,100705172,404,f29e5a04e2c2f16be19dd6b073cca1eb3e7e6777673a0ffe7e5fb602b7e39b44,.narc,NARC archive,4e415243feff00019401000010000300
444,/resource/kor/poketch/poketch.narc,100705280,100764748,59468,a10047668e5d0091fefc4fa8ad5c662f27c226fd984b51c1443c68add50e6dd3,.narc,NARC archive,4e415243feff00014ce8000010000300
445,/resource/kor/scratch/scratch.narc,100765184,100927852,162668,cbd1d1c05ffddc2492b7f113b066c87cd2a56d74bb31655e2f3e6d4887b41eb7,.narc,NARC archive,4e415243feff00016c7b020010000300
446,/resource/kor/slot/slot.narc,100928000,101016388,88388,df483ff8371d274194605d5ae95b86713c9b33554fc4a762777d307486889465,.narc,NARC archive,4e415243feff00014459010010000300
447,/resource/kor/title/titledemo.narc,101016576,101227576,211000,480dd7113feffdbd0b969165b749d0d89fa16bdf91186de568f3323002452fb4,.narc,NARC archive,4e415243feff00013838030010000300
448,/resource/kor/touch_subwindow/touch_subwindow.narc,101228032,101230456,2424,03e1bc42ddeee1bccce48a72a4443b9786fe780d41dc5fbc4e141cf1f72ce78d,.narc,NARC archive,4e415243feff00017809000010000300
449,/resource/kor/trainer_case/trainer_case.narc,101230592,101471552,240960,4764d2b30e5cdb26c5fcdf124e63269fdd6036b7df183c9614005dc345a06784,.narc,NARC archive,4e415243feff000140ad030010000300
450,/resource/kor/vs_demo/vs_demo_gra.narc,101471744,101516160,44416,5cbb41987791f64482e604e3f72c9fdbde4bac2f5d3a57729f6f44481bf2bcb5,.narc,NARC archive,4e415243feff000180ad000010000300
451,/resource/kor/wifi_lobby_minigame/wlmngm_tool.narc,101516288,101626548,110260,e26928af5690889f2db82e5b4b79ba58a8f33b84e46b3aec1f15f659129f78c1,.narc,NARC archive,4e415243feff0001b4ae010010000300
452,/resource/kor/zukan/zukan.narc,101626880,101700416,73536,7fa5f1c902fde5f4aaa2c88007603d1d1c49af8f1a487513c2292bed5dc3ee09,.narc,NARC archive,4e415243feff0001401f010010000300
453,/wazaeffect/we.arc,56107520,56363340,255820,386307a1a8f51fb5330d63001e45a913fda32ec0e7bad4edefa7790828062e9a,.arc,NARC archive,4e415243feff00014ce7030010000300
454,/wazaeffect/we_sub.narc,56363520,56375844,12324,5d73cdf4fc972737dbff37aa96b0b3caa9962bfecc9a7ae6b3b9a32ced1291ab,.narc,NARC archive,4e415243feff00012430000010000300
455,/wazaeffect/effectclact/wecell.narc,56453632,56459004,5372,3dc3990ebb7ea6f86bdde80204b82a79427cae3c09d55b11a0c3c7e4aa2392e8,.narc,NARC archive,4e415243feff0001fc14000010000300
456,/wazaeffect/effectclact/wecellanm.narc,56459264,56463952,4688,0e47c9b5f7c24199bd56d0576f276dabbf4c1d8aa68922caa3ac4ec2699d0865,.narc,NARC archive,4e415243feff00015012000010000300
457,/wazaeffect/effectclact/wechar.narc,56464384,56497460,33076,e6902f8f1eb1b63f9d3f23caf2e6eee4f981f6773a118324d8fff6a9559e5d68,.narc,NARC archive,4e415243feff00013481000010000300
458,/wazaeffect/effectclact/wepltt.narc,56497664,56502144,4480,31f3222bb317406d558a130bcfbff12cf49f76e05dd9f89cda8ef4e319a4a4d2,.narc,NARC archive,4e415243feff00018011000010000300
459,/wazaeffect/effectdata/ball_particle.narc,67853312,68155692,302380,3bbed988c1e80c653f9ab2cf4e6c290f4d876f9705a4c2546c18559bd8d04dad,.narc,NARC archive,4e415243feff00012c9d040010000300
460,/wazaeffect/effectdata/waza_particle.narc,68155904,70574996,2419092,07ac57247a417624360463e0c96024f7a98f3e3d4c94eac14e8c287e4b91ad1e,.narc,NARC archive,4e415243feff000194e9240010000300
