table_index,overlay_id,ram_address,ram_end,ram_size,bss_size,static_init_start,static_init_end,file_id,file_path,file_offset,file_size,file_sha256,compressed_size_field,flags,compression_flag
0,0,35462272,35462304,32,0,35462272,35462276,0,__unmapped__/file_00000,1082368,32,66687aadf862bd776c8fc18b8e9f8e20089714856ee233b3902a591d0d5f2925,0,0,False
1,1,35462272,35462336,32,32,35462288,35462296,1,__unmapped__/file_00001,1082880,32,2d81fe39a37965f444dffb286cd3ceaec6fe6d4d026d9007c6fe939d01c6fe99,0,0,False
2,2,35462336,35462368,32,0,35462336,35462340,2,__unmapped__/file_00002,1083392,32,66687aadf862bd776c8fc18b8e9f8e20089714856ee233b3902a591d0d5f2925,0,0,False
3,3,33523296,33523328,32,0,33523296,33523300,3,__unmapped__/file_00003,1083904,32,66687aadf862bd776c8fc18b8e9f8e20089714856ee233b3902a591d0d5f2925,0,0,False
4,4,35462272,35784448,300672,21504,35745136,35745140,4,__unmapped__/file_00004,1084416,300672,8443bed845d34687d8bb816f1e339b5cf2417dc396c6a7c787ca7de3b5354802,0,0,False
5,5,35462272,35909696,201632,245792,35662864,35662868,5,__unmapped__/file_00005,1385472,201632,977f5060c231f6f1c77d2739a2613fbd7be78a13124c3582f51f3b7c8149f916,0,0,False
6,6,35909696,35956832,47104,32,35956568,35956572,6,__unmapped__/file_00006,1587200,47104,26760ca656fa3104eeca93168c75f828a1e9209433e669a85694642366d968a9,0,0,False
7,7,35956832,35980416,23552,32,35980128,35980132,7,__unmapped__/file_00007,1634304,23552,5347944e930e9ed6a93c30a746e4c1188eeed0ded08dff1b7e35dbc97d1b69e7,0,0,False
8,8,35956832,35976832,20000,0,35976764,35976768,8,__unmapped__/file_00008,1657856,20000,dc10455fe2e415e9a48e3338aa8838453e3eb88c4b4a170597b7cabc26bc40df,0,0,False
9,9,35956832,35998688,41856,0,35998192,35998196,9,__unmapped__/file_00009,1678336,41856,c1631aa9c0e3575bfe38a279528d60806367ba469a98784c1a9e8d61d4c37757,0,0,False
10,10,35784448,35799424,14976,0,35799420,35799424,10,__unmapped__/file_00010,1720320,14976,cc29ed1d194a2c3009e1e60c93b07ae3741a6ffb85b9a431738c39b567eb87db,0,0,False
11,11,35784448,35785504,1056,0,35785496,35785500,11,__unmapped__/file_00011,1735680,1056,7ba94ddd13a16ab3b3ec42cd219ebfe4b4ad76937d011fee844698ba4c9c165d,0,0,False
12,12,35785504,35897408,111904,0,35897344,35897348,12,__unmapped__/file_00012,1737216,111904,9ce9dd6d7e1fc34c36452e5e9be7d5002b65d49bf6b7a320286bf790af1dfc4d,0,0,False
13,13,35785504,35827008,41504,0,35826976,35826980,13,__unmapped__/file_00013,1849344,41504,6810602ea407dd8652f5c9cc4347f3f8461ef5545124bfb5e2cca76509d479af,0,0,False
14,14,35785504,35848064,62560,0,35848032,35848036,14,__unmapped__/file_00014,1891328,62560,bbced2151ce4ec03d054260fed64a733f03f2912d832269ca1c8adc726bec203,0,0,False
15,15,35462272,35462304,32,0,35462272,35462276,15,__unmapped__/file_00015,1954304,32,66687aadf862bd776c8fc18b8e9f8e20089714856ee233b3902a591d0d5f2925,0,0,False
16,16,35897408,36117216,219808,0,36117028,36117036,16,__unmapped__/file_00016,1954816,219808,b1e6f2a07cc0029a3c6b0b870510d97783c0c5c6be05c911c8197f8de051e2f0,0,0,False
17,17,35897408,36003040,105632,0,36003028,36003036,17,__unmapped__/file_00017,2174976,105632,c785adbb257c743898019fe40a50afcd5f3ba8e66bf21af98bd5dc476eda3016,0,0,False
18,18,35784448,35996480,178784,33248,35956288,35956292,18,__unmapped__/file_00018,2280960,178784,c4f482149fef3e18a37ae092362d7144cbbc1e404275d0dec7492c7a391b8133,0,0,False
19,19,35462272,35526272,63584,416,35525816,35525820,19,__unmapped__/file_00019,2460160,63584,6c95e85fb2febceebf8664ebfa79c297ca71b56c7ef98bb637cc364102b63334,0,0,False
20,20,35462272,35480384,18112,0,35480368,35480372,20,__unmapped__/file_00020,2524160,18112,66aa9208f0c6e4e856a44f5bb71a61f0d6030d3810365ab3e29d2b5caf7085c4,0,0,False
21,21,35462272,35565184,102912,0,35565160,35565164,21,__unmapped__/file_00021,2542592,102912,cd916823e0bf1415db5246918ccc17286efefbaca4598abbd15aaaaf19a0cb42,0,0,False
22,22,36003040,36031872,28832,0,36031848,36031852,22,__unmapped__/file_00022,2645504,28832,78c8ab8eb97bc2b18f374901665fc2f3fda60c28642b300f6b1fde13172a1e78,0,0,False
23,23,35909696,36013760,103936,128,36010708,36010712,23,__unmapped__/file_00023,2674688,103936,97282c48521287fe407264b34f36cbbab50a475cd189e577ece7944d2132f305,0,0,False
24,24,35998688,35998944,256,0,35998932,35998936,24,__unmapped__/file_00024,2778624,256,88afc5b530297b06be84fe966d5a075ade7c51e97170aef5f473c3ae107bcea7,0,0,False
25,25,35998688,36008128,9440,0,36008100,36008104,25,__unmapped__/file_00025,2779136,9440,eb29e3573c61e30d76ef4b9cfaeb5834eaa52c2bca76d578cad97a6c4ae8e761,0,0,False
26,26,36008128,36009632,1504,0,36009600,36009608,26,__unmapped__/file_00026,2788864,1504,f5d570b1983768b57f5f20e247272952a2118d24850ab94e48a2699a0095a361,0,0,False
27,27,36008128,36011968,3840,0,36011952,36011960,27,__unmapped__/file_00027,2790400,3840,5137c720f7a0920429ceffbde45a4bcf9f53bed3e87bffd6e0f07a7f79760f2c,0,0,False
28,28,36008128,36014528,6400,0,36014504,36014512,28,__unmapped__/file_00028,2794496,6400,655a8dd0a74ad7a70c2643e6f9f730db5f40ecdc55f3d99ef6885793a2b148a6,0,0,False
29,29,36008128,36010784,2656,0,36010756,36010764,29,__unmapped__/file_00029,2801152,2656,84f76f1a179e8ad7363a21b8d20e138d1456824bd83fc545300ca30b6a6227bc,0,0,False
30,30,36008128,36009504,1376,0,36009472,36009480,30,__unmapped__/file_00030,2804224,1376,a53b4630145aed0e494681d83101f20d1b8a824eb153816d4791048a78b47fa8,0,0,False
31,31,36008128,36010176,2048,0,36010144,36010152,31,__unmapped__/file_00031,2805760,2048,9b4ed9a5a03a658c80ea6043f5ecee6aa085d5fd9de3e3264503e0b27ca17b15,0,0,False
32,32,36008128,36011104,2976,0,36011080,36011088,32,__unmapped__/file_00032,2807808,2976,bb606907633afc6142dc068b45203b3457df9af4930458a97fbaac17ba59665c,0,0,False
33,33,36008128,36014176,6048,0,36013980,36013988,33,__unmapped__/file_00033,2810880,6048,f23f62924b72254c66fd0e44a6b6af970fb643e4945a9f4fb2db394eb4be8062,0,0,False
34,34,36008128,36010432,2304,0,36010412,36010420,34,__unmapped__/file_00034,2817024,2304,a2b66b6e180f1e6dbdfcf971c5b946a64601edbe9b6c299cae4112591035ffdb,0,0,False
35,35,36008128,36009664,1536,0,36009640,36009648,35,__unmapped__/file_00035,2819584,1536,47f3e88945567a30ed279a7756154b1cce0312d1ea0acdf0fe225df417f87167,0,0,False
36,36,36008128,36009664,1536,0,36009632,36009640,36,__unmapped__/file_00036,2821120,1536,ee4ece973454957cc05603ac35e88ced06b359ea69ae7528ae18a9e87b754b3a,0,0,False
37,37,36008128,36009312,1184,0,36009284,36009292,37,__unmapped__/file_00037,2822656,1184,c6e61dca160ab97965eec27e8810ee97174bf45e5d63d816ad9e7a6cd87b319e,0,0,False
38,38,36008128,36008928,800,0,36008896,36008904,38,__unmapped__/file_00038,2824192,800,9acc20929593521643dd6a3b441827d9d04914df63b8350648b7687a78ece7e7,0,0,False
39,39,36008128,36009344,1216,0,36009336,36009344,39,__unmapped__/file_00039,2825216,1216,38c082e9af82918299cbb7d92edb6c96de57e8cd44164a8b44b3d3cdcd295083,0,0,False
40,40,36008128,36010592,2464,0,36010560,36010568,40,__unmapped__/file_00040,2826752,2464,06ff17b19c581e6437677ab21e7b9de98257f56b054b7b5202c391cd088fc2c5,0,0,False
41,41,36008128,36011392,3264,0,36011384,36011392,41,__unmapped__/file_00041,2829312,3264,c4ff6d591300009ddd13108ba20d31f8743054f7347d43eae151fc1f8e494e1a,0,0,False
42,42,36008128,36009536,1376,32,36009488,36009496,42,__unmapped__/file_00042,2832896,1376,b3c863a1a454baa5ce96fa28569857db0bd5372110d2016ad0d8a9ce744629e5,0,0,False
43,43,36008128,36011008,2880,0,36010976,36010984,43,__unmapped__/file_00043,2834432,2880,66c61721ee24471e6838c7657515d6b458365169c181a26ffaaa96de590ecf52,0,0,False
44,44,36008128,36011424,3296,0,36011416,36011424,44,__unmapped__/file_00044,2837504,3296,84909b6ca88ed1f3c3cb8234a91eb77ea26364f5da0d7969f0ad0b6685876af4,0,0,False
45,45,36008128,36011296,3168,0,36011268,36011276,45,__unmapped__/file_00045,2841088,3168,5b2248f03104ed86e87e9e9a124626bbae47d9c6eb9e0e7c557fe837c10adff5,0,0,False
46,46,36008128,36012544,4416,0,36012532,36012540,46,__unmapped__/file_00046,2844672,4416,0b0c5aad9e321d1f98782f907907c0361c21959b4b0307da992107c75c7bd254,0,0,False
47,47,36008128,36010432,2304,0,36010396,36010404,47,__unmapped__/file_00047,2849280,2304,b17ebdc47098dc12e98a8a07541b84b161a2a48ddd382c03e892658d3c313e7c,0,0,False
48,48,36008128,36010624,2496,0,36010608,36010616,48,__unmapped__/file_00048,2851840,2496,1f8a49488361086d8906f8894ebfbfd12e94efbbd74a916b9a7970a625193fbe,0,0,False
49,49,36008128,36009312,1184,0,36009276,36009284,49,__unmapped__/file_00049,2854400,1184,8261e47a4336a66991f1383ec5819b3d14e2be30d5963d4b655c06aa45e4040a,0,0,False
50,50,36008128,36010496,2368,0,36010480,36010488,50,__unmapped__/file_00050,2855936,2368,60b426a6b0e91daf34cb5003c4f12f6d4642e385ccaed384cdc3a88214445fad,0,0,False
51,51,36008128,36008928,800,0,36008896,36008904,51,__unmapped__/file_00051,2858496,800,bd610bf34b50bd75845d9d62013aa616a6d996cc630975fd7700cbcc9b4cbd7c,0,0,False
52,52,36008128,36011360,3232,0,36011340,36011348,52,__unmapped__/file_00052,2859520,3232,462641712766a50e3c4292a76bdaaf94c57b2cfbfc7434e628ea3c091e0479a6,0,0,False
53,53,36008128,36010336,2208,0,36010320,36010328,53,__unmapped__/file_00053,2863104,2208,0b2058cce4a41084458d692d3dba9859f8f168fa8565c92af96c285909cef1ed,0,0,False
54,54,36008128,36009760,1632,0,36009744,36009752,54,__unmapped__/file_00054,2865664,1632,ce5a41fef71d75595deb2eab7ed75a07292fc27ac39eefeca02dd4b2da351ca3,0,0,False
55,55,36008128,36008928,800,0,36008912,36008920,55,__unmapped__/file_00055,2867712,800,da1ed1e7761f5c4786d9a6bf5611e95b80063848957f138b4c06db38f6e941d8,0,0,False
56,56,36008128,36012544,4416,0,36012528,36012532,56,__unmapped__/file_00056,2868736,4416,a64f94f31b865eafb9eda971c6d0f16d4057092ed2d1a119eaef9ded10def533,0,0,False
57,57,35462272,35463296,1024,0,35463288,35463292,57,__unmapped__/file_00057,2873344,1024,77486732ba064cd8073e69e3b2050d3cb4af8db3e295ff10d8b35d6902fd8347,0,0,False
58,58,35462272,35471680,9408,0,35471472,35471476,58,__unmapped__/file_00058,2874368,9408,77564f283a6206ffb13a9033bfd09a9f4d2460f71a1275c4518103d725eaffb2,0,0,False
59,59,35462272,35472384,10112,0,35472244,35472248,59,__unmapped__/file_00059,2884096,10112,246548ef13d4da2790f36cb951981fbe5bad0c39874a55b61dc24b05b14040c3,0,0,False
60,60,35784448,35831136,42528,4160,35822884,35822888,60,__unmapped__/file_00060,2894336,42528,35e3b0bf2f829f768d6772be2ef33b20809a22ba2bd7556db57e4f5ff5db1352,0,0,False
61,61,35831136,35848640,14592,2912,35845344,35845348,61,__unmapped__/file_00061,2937344,14592,35585d1322eea2b47b6e3c108bc7bb8bc0cca22a5e73134be4e65227182b9e13,0,0,False
62,62,35848640,35956992,108352,0,35956480,35956484,62,__unmapped__/file_00062,2952192,108352,e454909ca0fcaa582bd185481c588d708acaaf16cea8a115fd61bf2ac30299c4,0,0,False
63,63,35831136,35843040,11904,0,35843024,35843028,63,__unmapped__/file_00063,3060736,11904,d00aabbdc16e4c091d2aa37b8d55fceb4b1149455d66b2202af28fe0970e33b5,0,0,False
64,64,35843040,35861568,18528,0,35861316,35861320,64,__unmapped__/file_00064,3073024,18528,65271f8f27bb115c69b40d5ec8b645278473831bd0a34e0adac883c18ccec5a9,0,0,False
65,65,35843040,35892704,49632,32,35892064,35892068,65,__unmapped__/file_00065,3091968,49632,dfa38cb269a099c07029bf91fdf256c0171040c65460fa260a2b00b639b1b7c7,0,0,False
66,66,35843040,36034048,186848,4160,36019212,36019216,66,__unmapped__/file_00066,3141632,186848,860fd54b209e5a65d2a95016013483e7cc9bb7775dfeda1b0ef72fc084bec7e8,0,0,False
67,67,36034048,36037536,3488,0,36037512,36037516,67,__unmapped__/file_00067,3328512,3488,3450f02e2b411abe6b256b5fd68b535d89d629a1d8838b6b60dfb54b12746e73,0,0,False
68,68,36034048,36040128,6080,0,36040072,36040076,68,__unmapped__/file_00068,3332096,6080,5c592cd57d8dfeb0145fb0fedd459336783e23da4c13edc4a86aa9c66f80cdf0,0,0,False
69,69,36034048,36045632,11584,0,36045608,36045612,69,__unmapped__/file_00069,3338240,11584,5c4fbad7bf283a62418de4f96479f90bf3ec9a5eb1cc899f35c70fb36cfa2802,0,0,False
70,70,36034048,36108064,74016,0,36108032,36108036,70,__unmapped__/file_00070,3350016,74016,df716af65b6726a0cc62072188d23b05cf53308688141a939bf503dafd73662b,0,0,False
71,71,35897408,35907264,9856,0,35907236,35907240,71,__unmapped__/file_00071,3424256,9856,7b3b09b689aafad54f6da7b0925be8b03bea589412842e2864ab7fd2911f9b1f,0,0,False
72,72,35907264,35912832,5568,0,35912780,35912784,72,__unmapped__/file_00072,3434496,5568,e7e0de3fd9302d3cbc4dc1fa7df502a701d3c45befb8287b202b6fec91308c16,0,0,False
73,73,35462272,35474144,11872,0,35474136,35474140,73,__unmapped__/file_00073,3440128,11872,3fcfb0f3433fd61e818a3399addb3f52a9b536a14951a1ea5d2793bf4b9b0843,0,0,False
74,74,35462272,35466176,3904,0,35466160,35466164,74,__unmapped__/file_00074,3452416,3904,e33729a3e0bfaec14eb587e97de1af09ccb591471ecc6ad15c4565b6822dce79,0,0,False
75,75,35462272,35466560,4288,0,35466532,35466536,75,__unmapped__/file_00075,3456512,4288,44217d505f9051e7fda7e2e822a564de0272d32a5236efe20b6cfe93d4d27ada,0,0,False
76,76,35897408,35913344,15936,0,35913316,35913324,76,__unmapped__/file_00076,3461120,15936,8376ab416f7d8b350506d10a134fcaa69b612e22afa8d417c00050f419aa463a,0,0,False
77,77,35462272,35489856,27584,0,35489732,35489736,77,__unmapped__/file_00077,3477504,27584,e722e4ac41e4d068d9ad120a9519b80b0b75a9a612ce8ebae7b35f04e6374495,0,0,False
78,78,35462272,35469568,7296,0,35469544,35469548,78,__unmapped__/file_00078,3505152,7296,10ad040e066aeed9f9673fb87507ed91280cb96b27392f53645169a4638fc9c6,0,0,False
79,79,35462272,35474592,12320,0,35474428,35474432,79,__unmapped__/file_00079,3512832,12320,c7949efe35e1d698b03f7c7497cfcad134132ff089e6046ee398642399001d3c,0,0,False
80,80,35462272,35472160,9888,0,35471972,35471976,80,__unmapped__/file_00080,3525632,9888,80e0d63307ed192dede49be31d02c122e884af315fdbd1eccc46b3824a4cb3b2,0,0,False
81,81,35462272,35472448,10176,0,35472428,35472432,81,__unmapped__/file_00081,3535872,10176,be5406dab22fdc375837d216e89a2668440b48dea3c91e8313f8ba8c52126ac2,0,0,False
82,82,35897408,35898528,1120,0,35898500,35898504,82,__unmapped__/file_00082,3546112,1120,e9adab3f7ab8e52c874c6afea10eea2e085f58cd439587842a790d49b66f2547,0,0,False
83,83,35898528,35919104,20576,0,35919016,35919020,83,__unmapped__/file_00083,3547648,20576,0ea611b3c2e16ade4d0262e5fe81298dd5ec9edbb127747a835c2b470e8cbb21,0,0,False
84,84,35898528,35922752,24224,0,35922720,35922724,84,__unmapped__/file_00084,3568640,24224,92793aee315ea5c60a8ab370be54cb66d931d95af6ba8f8da4048ba21ca43fe9,0,0,False
85,85,35922752,35928416,5664,0,35928388,35928392,85,__unmapped__/file_00085,3593216,5664,1c328b357e0770c159b8ef01eb7b6c0aef220dd8b93781f7e0abd63f1f029ae4,0,0,False
86,86,35897408,35906688,9248,32,35906592,35906596,86,__unmapped__/file_00086,3599360,9248,75637657a9e96acf070ace3bfbb1bd3c146c46e6b1468969568233df1da77949,0,0,False
87,87,35462272,35465920,3648,0,35465876,35465880,87,__unmapped__/file_00087,3609088,3648,5539a11ef8fd4a6ed5aa69278af2cefe428bfb342b990d28abb3026f74008cb6,0,0,False
88,88,35897408,35913984,16576,0,35913976,35913980,88,__unmapped__/file_00088,3613184,16576,0b0b369091192516ca043457ea97a40aebd233efee924bfaffe30d6201dd6495,0,0,False
89,89,35462272,35462304,32,0,35462272,35462276,89,__unmapped__/file_00089,3630080,32,66687aadf862bd776c8fc18b8e9f8e20089714856ee233b3902a591d0d5f2925,0,0,False
90,90,35462272,35466944,4672,0,35466784,35466788,90,__unmapped__/file_00090,3630592,4672,69902dffa4fa7c933560525d26d792aa2d218c87edc81e79e3dc05b887bd1b40,0,0,False
91,91,35462272,35469984,7712,0,35469980,35469984,91,__unmapped__/file_00091,3635712,7712,09ec52530f13649dc4cbab2c25cb369114b4e4bf41ff2e9f4669d8909855102d,0,0,False
92,92,35462272,35469728,7456,0,35469712,35469716,92,__unmapped__/file_00092,3643904,7456,80e7482d3d8bce974bd66082be44903b4b9ae343691611e2fc4b8132ac8298a9,0,0,False
93,93,35462272,35464448,2176,0,35464340,35464344,93,__unmapped__/file_00093,3651584,2176,8154e5d89917a33cf19c51665b0da4502c8c6dc979141c418aa05da0164a7bcf,0,0,False
94,94,35897408,35945632,47872,352,35943548,35943552,94,__unmapped__/file_00094,3654144,47872,523622fd1d53e765ad9476f86b7c9b49c657e6659560e447ed31bc3848f3e257,0,0,False
95,95,35945632,35968000,22208,160,35967780,35967784,95,__unmapped__/file_00095,3702272,22208,78210b5feebe6771084c11c3e3749b5747b6e8532ca2635853287e208e18bdf7,0,0,False
96,96,35897408,35909056,11360,288,35908112,35908116,96,__unmapped__/file_00096,3724800,11360,9d7b88f0f96b9a4aff37bb7d4d00ee4632a111041bdac9ffcc3e0c255fe92f7d,0,0,False
97,97,35831136,35920320,82656,6528,35909112,35909116,97,__unmapped__/file_00097,3736576,82656,9adffd7742a098da401c712b259d83976ed63e97fa3452b9dff18043ba2593d0,0,0,False
98,98,35945632,35958464,12800,32,35958232,35958236,98,__unmapped__/file_00098,3819520,12800,d7ea69168420b5cb979af0e0247b6ec1ca3c8ec42410aa064399496e5cc14cfd,0,0,False
99,99,35462272,35480384,18112,0,35480376,35480380,99,__unmapped__/file_00099,3832320,18112,85875a2fba0d4eee80cadcb2430722c90ae99042ac47c1e23af554b2372bab79,0,0,False
100,100,35462272,35480640,18368,0,35480464,35480468,100,__unmapped__/file_00100,3850752,18368,4d779718c344d991303eb0703a2a0715d1af8469e265e1b348781f550f3959ff,0,0,False
101,101,35462272,35499392,37120,0,35499332,35499336,101,__unmapped__/file_00101,3869184,37120,cc1e9c4aa6755ce6f29d98a4d671b58ffd15ea88e5d5758193b544d7654c30b7,0,0,False
102,102,35462272,35464352,2080,0,35464324,35464328,102,__unmapped__/file_00102,3906560,2080,44448411734ee8f46a13365b1888692ae73224e4c8a2f3d7ff7386784908f33f,0,0,False
103,103,35843040,35843072,32,0,35843040,35843044,103,__unmapped__/file_00103,3909120,32,66687aadf862bd776c8fc18b8e9f8e20089714856ee233b3902a591d0d5f2925,0,0,False
104,104,35843040,35924448,81376,32,35924104,35924108,104,__unmapped__/file_00104,3909632,81376,3665036930719348cd2c34ceb626bee89255b157bcd709045b3e154602fca234,0,0,False
105,105,35924448,35943360,18912,0,35943340,35943344,105,__unmapped__/file_00105,3991040,18912,07f6b42fffccce0ffbf2388d7c69c31a305f600e6d4597c0bb575d6d5b7237c7,0,0,False
106,106,35924448,35932064,7616,0,35932048,35932052,106,__unmapped__/file_00106,4009984,7616,d7510d7b6c6378ed1f5c56fe941b1e4ba846521d3f9123f725f38a74177bda4a,0,0,False
107,107,35924448,35959360,34912,0,35959336,35959340,107,__unmapped__/file_00107,4017664,34912,a4023314dd5ea1ecea2cfd9928e33238bbc8dcca49c2fb56c1f3aaec7ae8e5f5,0,0,False
108,108,35924448,35931840,7360,32,35931784,35931788,108,__unmapped__/file_00108,4052992,7360,f7f96dc22c5f1d8a5c63e7b1e2360ac2f3e1687e700f69574a02ce85f7dbb26d,0,0,False
109,109,35462272,35483232,20960,0,35483164,35483168,109,__unmapped__/file_00109,4060672,20960,8728e2191dedec822516289fc094f6fc02838efe62d677cc49d4e5a26e9c8eb3,0,0,False
110,110,35462272,35467840,5568,0,35467808,35467812,110,__unmapped__/file_00110,4081664,5568,1eba5fda5ef9102fabb359612a8f05d1e8d15e8b672832a6a773547ca2912171,0,0,False
111,111,35462272,35473504,11232,0,35473464,35473468,111,__unmapped__/file_00111,4087296,11232,a88a6adab0ffd3f0f601c75813952e0857236271e9e2bde585ac963a27669263,0,0,False
112,112,36034048,36038784,4736,0,36038732,36038736,112,__unmapped__/file_00112,4098560,4736,7c37cbcda7b0ae6a20c83bb18c595d7f9f6fec8a9fa6648cc3995ce2c1e3d7bf,0,0,False
113,113,36034048,36054144,20096,0,36054112,36054116,113,__unmapped__/file_00113,4103680,20096,af1e0c9b321ac8c334ae537618c792254505f2154de08c015bec610a1f4633e0,0,0,False
114,114,36034048,36049728,15680,0,36049696,36049700,114,__unmapped__/file_00114,4124160,15680,82727c8a9cc7af92e8976207dfc35772403cd79ba65b042a12ab5feaab23932a,0,0,False
115,115,36049728,36075008,25216,64,36074924,36074928,115,__unmapped__/file_00115,4140032,25216,7d6b855a8d876febfd5d786afe34ba25a32cbb4d2a7f38e5d2847000721e3e85,0,0,False
116,116,36049728,36081504,31776,0,36081164,36081168,116,__unmapped__/file_00116,4165632,31776,acd20fe19e830ad8d5356b1a9b50d650a2fb3d794f178d9e44d8b078af565d87,0,0,False
117,117,36049728,36077376,27648,0,36077364,36077368,117,__unmapped__/file_00117,4197888,27648,d29f552929267bbb1ef8765867fac68a5468c7137023fe5615255370ab9f0756,0,0,False
118,118,35462272,35463360,1088,0,35463328,35463332,118,__unmapped__/file_00118,4225536,1088,ccc006c222a4f5671717780e33dcad7fe92b19d3e869cd147f1da5fa107eff39,0,0,False
119,119,35462272,35468736,6464,0,35468720,35468724,119,__unmapped__/file_00119,4227072,6464,97d34a6fc270f982dab65a6dc645ff73fb997b4bb49f65d48aec88ac092b67c8,0,0,False
120,120,35462272,35463488,1216,0,35463480,35463484,120,__unmapped__/file_00120,4233728,1216,110bbf754735d99d78e55e21889e2bb961ce1af4ab6b4bd84f278a47998a8f98,0,0,False
121,121,35462272,35463872,1600,0,35463848,35463852,121,__unmapped__/file_00121,4235264,1600,6a707ded8745967a6641b800ef83a7d6e26c1cd1c6f3820f1cd8ede99c7297bc,0,0,False
