kind,offset,end,size,sha256,uniform_byte
unreferenced_within_used_rom,1078008,1078272,264,eb18c9dddd550f3d82070552cbf5740e354c6d07bf7c9c2b8b4960c9add7eb35,
unreferenced_within_used_rom,1082176,1082368,192,8f62c344eff1568474fb693b8c18526629db443b9653a84264189c97693605de,ff
unreferenced_within_used_rom,1082400,1082880,480,bf9b62d4418d862aa0826a28a846948151da66b8042967382ca6bfd6d7d1cdb2,ff
unreferenced_within_used_rom,1082912,1083392,480,bf9b62d4418d862aa0826a28a846948151da66b8042967382ca6bfd6d7d1cdb2,ff
unreferenced_within_used_rom,1083424,1083904,480,bf9b62d4418d862aa0826a28a846948151da66b8042967382ca6bfd6d7d1cdb2,ff
unreferenced_within_used_rom,1083936,1084416,480,bf9b62d4418d862aa0826a28a846948151da66b8042967382ca6bfd6d7d1cdb2,ff
unreferenced_within_used_rom,1385088,1385472,384,a292bc4a1d8d3caa7dd32d1858f7d642a27373526b84cde7df8634faad708d2a,ff
unreferenced_within_used_rom,1587104,1587200,96,ce65609cc564ce3d8cb72d46bc44cd5495afbad7bc61b5edfa0799baa5063191,ff
unreferenced_within_used_rom,1677856,1678336,480,bf9b62d4418d862aa0826a28a846948151da66b8042967382ca6bfd6d7d1cdb2,ff
unreferenced_within_used_rom,1720192,1720320,128,e9175db65a9789096ca9cb5524d3abc2107df03e3c9ba3af1aca628f9c5d3bd2,ff
unreferenced_within_used_rom,1735296,1735680,384,a292bc4a1d8d3caa7dd32d1858f7d642a27373526b84cde7df8634faad708d2a,ff
unreferenced_within_used_rom,1736736,1737216,480,bf9b62d4418d862aa0826a28a846948151da66b8042967382ca6bfd6d7d1cdb2,ff
unreferenced_within_used_rom,1849120,1849344,224,7c2d694d4c46ed5e7bd4243144e171c90d5a628324e239503536f05203339863,ff
unreferenced_within_used_rom,1890848,1891328,480,bf9b62d4418d862aa0826a28a846948151da66b8042967382ca6bfd6d7d1cdb2,ff
unreferenced_within_used_rom,1953888,1954304,416,9021f9b42681058b179c190ba727a5422fc558feb2d33a9c9c5874682738a824,ff
unreferenced_within_used_rom,1954336,1954816,480,bf9b62d4418d862aa0826a28a846948151da66b8042967382ca6bfd6d7d1cdb2,ff
unreferenced_within_used_rom,2174624,2174976,352,a8aa961e3bbac0826d6d3fabce5dee4889e5c218e4b1216908e66bc53264d89a,ff
unreferenced_within_used_rom,2280608,2280960,352,a8aa961e3bbac0826d6d3fabce5dee4889e5c218e4b1216908e66bc53264d89a,ff
unreferenced_within_used_rom,2459744,2460160,416,9021f9b42681058b179c190ba727a5422fc558feb2d33a9c9c5874682738a824,ff
unreferenced_within_used_rom,2523744,2524160,416,9021f9b42681058b179c190ba727a5422fc558feb2d33a9c9c5874682738a824,ff
unreferenced_within_used_rom,2542272,2542592,320,1f34be94c0f6303063808553c7e906fedaf542afe7fc5d52040008ebfbe35038,ff
unreferenced_within_used_rom,2674336,2674688,352,a8aa961e3bbac0826d6d3fabce5dee4889e5c218e4b1216908e66bc53264d89a,ff
unreferenced_within_used_rom,2778880,2779136,256,3d6876a0146de8576eb2395a858de1213d1b92c65b779df3a331cfd5a4584546,ff
unreferenced_within_used_rom,2788576,2788864,288,c49fd3b652e068233b78f7300696e2201ddf3932072b8b303de297e7d0354827,ff
unreferenced_within_used_rom,2790368,2790400,32,af9613760f72635fbdb44a5a0a63c39f12af30f950a6ee5c971be188e89c4051,ff
unreferenced_within_used_rom,2794240,2794496,256,3d6876a0146de8576eb2395a858de1213d1b92c65b779df3a331cfd5a4584546,ff
unreferenced_within_used_rom,2800896,2801152,256,3d6876a0146de8576eb2395a858de1213d1b92c65b779df3a331cfd5a4584546,ff
unreferenced_within_used_rom,2803808,2804224,416,9021f9b42681058b179c190ba727a5422fc558feb2d33a9c9c5874682738a824,ff
unreferenced_within_used_rom,2805600,2805760,160,0052516839b94ee314a4e3b398c8036de3790d672194987a394ee60323848539,ff
unreferenced_within_used_rom,2810784,2810880,96,ce65609cc564ce3d8cb72d46bc44cd5495afbad7bc61b5edfa0799baa5063191,ff
unreferenced_within_used_rom,2816928,2817024,96,ce65609cc564ce3d8cb72d46bc44cd5495afbad7bc61b5edfa0799baa5063191,ff
unreferenced_within_used_rom,2819328,2819584,256,3d6876a0146de8576eb2395a858de1213d1b92c65b779df3a331cfd5a4584546,ff
unreferenced_within_used_rom,2823840,2824192,352,a8aa961e3bbac0826d6d3fabce5dee4889e5c218e4b1216908e66bc53264d89a,ff
unreferenced_within_used_rom,2824992,2825216,224,7c2d694d4c46ed5e7bd4243144e171c90d5a628324e239503536f05203339863,ff
unreferenced_within_used_rom,2826432,2826752,320,1f34be94c0f6303063808553c7e906fedaf542afe7fc5d52040008ebfbe35038,ff
unreferenced_within_used_rom,2829216,2829312,96,ce65609cc564ce3d8cb72d46bc44cd5495afbad7bc61b5edfa0799baa5063191,ff
unreferenced_within_used_rom,2832576,2832896,320,1f34be94c0f6303063808553c7e906fedaf542afe7fc5d52040008ebfbe35038,ff
unreferenced_within_used_rom,2834272,2834432,160,0052516839b94ee314a4e3b398c8036de3790d672194987a394ee60323848539,ff
unreferenced_within_used_rom,2837312,2837504,192,8f62c344eff1568474fb693b8c18526629db443b9653a84264189c97693605de,ff
unreferenced_within_used_rom,2840800,2841088,288,c49fd3b652e068233b78f7300696e2201ddf3932072b8b303de297e7d0354827,ff
unreferenced_within_used_rom,2844256,2844672,416,9021f9b42681058b179c190ba727a5422fc558feb2d33a9c9c5874682738a824,ff
unreferenced_within_used_rom,2849088,2849280,192,8f62c344eff1568474fb693b8c18526629db443b9653a84264189c97693605de,ff
unreferenced_within_used_rom,2851584,2851840,256,3d6876a0146de8576eb2395a858de1213d1b92c65b779df3a331cfd5a4584546,ff
unreferenced_within_used_rom,2854336,2854400,64,8667e718294e9e0df1d30600ba3eeb201f764aad2dad72748643e4a285e1d1f7,ff
unreferenced_within_used_rom,2855584,2855936,352,a8aa961e3bbac0826d6d3fabce5dee4889e5c218e4b1216908e66bc53264d89a,ff
unreferenced_within_used_rom,2858304,2858496,192,8f62c344eff1568474fb693b8c18526629db443b9653a84264189c97693605de,ff
unreferenced_within_used_rom,2859296,2859520,224,7c2d694d4c46ed5e7bd4243144e171c90d5a628324e239503536f05203339863,ff
unreferenced_within_used_rom,2862752,2863104,352,a8aa961e3bbac0826d6d3fabce5dee4889e5c218e4b1216908e66bc53264d89a,ff
unreferenced_within_used_rom,2865312,2865664,352,a8aa961e3bbac0826d6d3fabce5dee4889e5c218e4b1216908e66bc53264d89a,ff
unreferenced_within_used_rom,2867296,2867712,416,9021f9b42681058b179c190ba727a5422fc558feb2d33a9c9c5874682738a824,ff
unreferenced_within_used_rom,2868512,2868736,224,7c2d694d4c46ed5e7bd4243144e171c90d5a628324e239503536f05203339863,ff
unreferenced_within_used_rom,2873152,2873344,192,8f62c344eff1568474fb693b8c18526629db443b9653a84264189c97693605de,ff
unreferenced_within_used_rom,2883776,2884096,320,1f34be94c0f6303063808553c7e906fedaf542afe7fc5d52040008ebfbe35038,ff
unreferenced_within_used_rom,2894208,2894336,128,e9175db65a9789096ca9cb5524d3abc2107df03e3c9ba3af1aca628f9c5d3bd2,ff
unreferenced_within_used_rom,2936864,2937344,480,bf9b62d4418d862aa0826a28a846948151da66b8042967382ca6bfd6d7d1cdb2,ff
unreferenced_within_used_rom,2951936,2952192,256,3d6876a0146de8576eb2395a858de1213d1b92c65b779df3a331cfd5a4584546,ff
unreferenced_within_used_rom,3060544,3060736,192,8f62c344eff1568474fb693b8c18526629db443b9653a84264189c97693605de,ff
unreferenced_within_used_rom,3072640,3073024,384,a292bc4a1d8d3caa7dd32d1858f7d642a27373526b84cde7df8634faad708d2a,ff
unreferenced_within_used_rom,3091552,3091968,416,9021f9b42681058b179c190ba727a5422fc558feb2d33a9c9c5874682738a824,ff
unreferenced_within_used_rom,3141600,3141632,32,af9613760f72635fbdb44a5a0a63c39f12af30f950a6ee5c971be188e89c4051,ff
unreferenced_within_used_rom,3328480,3328512,32,af9613760f72635fbdb44a5a0a63c39f12af30f950a6ee5c971be188e89c4051,ff
unreferenced_within_used_rom,3332000,3332096,96,ce65609cc564ce3d8cb72d46bc44cd5495afbad7bc61b5edfa0799baa5063191,ff
unreferenced_within_used_rom,3338176,3338240,64,8667e718294e9e0df1d30600ba3eeb201f764aad2dad72748643e4a285e1d1f7,ff
unreferenced_within_used_rom,3349824,3350016,192,8f62c344eff1568474fb693b8c18526629db443b9653a84264189c97693605de,ff
unreferenced_within_used_rom,3424032,3424256,224,7c2d694d4c46ed5e7bd4243144e171c90d5a628324e239503536f05203339863,ff
unreferenced_within_used_rom,3434112,3434496,384,a292bc4a1d8d3caa7dd32d1858f7d642a27373526b84cde7df8634faad708d2a,ff
unreferenced_within_used_rom,3440064,3440128,64,8667e718294e9e0df1d30600ba3eeb201f764aad2dad72748643e4a285e1d1f7,ff
unreferenced_within_used_rom,3452000,3452416,416,9021f9b42681058b179c190ba727a5422fc558feb2d33a9c9c5874682738a824,ff
unreferenced_within_used_rom,3456320,3456512,192,8f62c344eff1568474fb693b8c18526629db443b9653a84264189c97693605de,ff
unreferenced_within_used_rom,3460800,3461120,320,1f34be94c0f6303063808553c7e906fedaf542afe7fc5d52040008ebfbe35038,ff
unreferenced_within_used_rom,3477056,3477504,448,ad948f3d279d42aeebf35cfdca0a9692de056c8286104fc0c96fc728f61a9c07,ff
unreferenced_within_used_rom,3505088,3505152,64,8667e718294e9e0df1d30600ba3eeb201f764aad2dad72748643e4a285e1d1f7,ff
unreferenced_within_used_rom,3512448,3512832,384,a292bc4a1d8d3caa7dd32d1858f7d642a27373526b84cde7df8634faad708d2a,ff
unreferenced_within_used_rom,3525152,3525632,480,bf9b62d4418d862aa0826a28a846948151da66b8042967382ca6bfd6d7d1cdb2,ff
unreferenced_within_used_rom,3535520,3535872,352,a8aa961e3bbac0826d6d3fabce5dee4889e5c218e4b1216908e66bc53264d89a,ff
unreferenced_within_used_rom,3546048,3546112,64,8667e718294e9e0df1d30600ba3eeb201f764aad2dad72748643e4a285e1d1f7,ff
unreferenced_within_used_rom,3547232,3547648,416,9021f9b42681058b179c190ba727a5422fc558feb2d33a9c9c5874682738a824,ff
unreferenced_within_used_rom,3568224,3568640,416,9021f9b42681058b179c190ba727a5422fc558feb2d33a9c9c5874682738a824,ff
unreferenced_within_used_rom,3592864,3593216,352,a8aa961e3bbac0826d6d3fabce5dee4889e5c218e4b1216908e66bc53264d89a,ff
unreferenced_within_used_rom,3598880,3599360,480,bf9b62d4418d862aa0826a28a846948151da66b8042967382ca6bfd6d7d1cdb2,ff
unreferenced_within_used_rom,3608608,3609088,480,bf9b62d4418d862aa0826a28a846948151da66b8042967382ca6bfd6d7d1cdb2,ff
unreferenced_within_used_rom,3612736,3613184,448,ad948f3d279d42aeebf35cfdca0a9692de056c8286104fc0c96fc728f61a9c07,ff
unreferenced_within_used_rom,3629760,3630080,320,1f34be94c0f6303063808553c7e906fedaf542afe7fc5d52040008ebfbe35038,ff
unreferenced_within_used_rom,3630112,3630592,480,bf9b62d4418d862aa0826a28a846948151da66b8042967382ca6bfd6d7d1cdb2,ff
unreferenced_within_used_rom,3635264,3635712,448,ad948f3d279d42aeebf35cfdca0a9692de056c8286104fc0c96fc728f61a9c07,ff
unreferenced_within_used_rom,3643424,3643904,480,bf9b62d4418d862aa0826a28a846948151da66b8042967382ca6bfd6d7d1cdb2,ff
unreferenced_within_used_rom,3651360,3651584,224,7c2d694d4c46ed5e7bd4243144e171c90d5a628324e239503536f05203339863,ff
unreferenced_within_used_rom,3653760,3654144,384,a292bc4a1d8d3caa7dd32d1858f7d642a27373526b84cde7df8634faad708d2a,ff
unreferenced_within_used_rom,3702016,3702272,256,3d6876a0146de8576eb2395a858de1213d1b92c65b779df3a331cfd5a4584546,ff
unreferenced_within_used_rom,3724480,3724800,320,1f34be94c0f6303063808553c7e906fedaf542afe7fc5d52040008ebfbe35038,ff
unreferenced_within_used_rom,3736160,3736576,416,9021f9b42681058b179c190ba727a5422fc558feb2d33a9c9c5874682738a824,ff
unreferenced_within_used_rom,3819232,3819520,288,c49fd3b652e068233b78f7300696e2201ddf3932072b8b303de297e7d0354827,ff
unreferenced_within_used_rom,3850432,3850752,320,1f34be94c0f6303063808553c7e906fedaf542afe7fc5d52040008ebfbe35038,ff
unreferenced_within_used_rom,3869120,3869184,64,8667e718294e9e0df1d30600ba3eeb201f764aad2dad72748643e4a285e1d1f7,ff
unreferenced_within_used_rom,3906304,3906560,256,3d6876a0146de8576eb2395a858de1213d1b92c65b779df3a331cfd5a4584546,ff
unreferenced_within_used_rom,3908640,3909120,480,bf9b62d4418d862aa0826a28a846948151da66b8042967382ca6bfd6d7d1cdb2,ff
unreferenced_within_used_rom,3909152,3909632,480,bf9b62d4418d862aa0826a28a846948151da66b8042967382ca6bfd6d7d1cdb2,ff
unreferenced_within_used_rom,3991008,3991040,32,af9613760f72635fbdb44a5a0a63c39f12af30f950a6ee5c971be188e89c4051,ff
unreferenced_within_used_rom,4009952,4009984,32,af9613760f72635fbdb44a5a0a63c39f12af30f950a6ee5c971be188e89c4051,ff
unreferenced_within_used_rom,4017600,4017664,64,8667e718294e9e0df1d30600ba3eeb201f764aad2dad72748643e4a285e1d1f7,ff
unreferenced_within_used_rom,4052576,4052992,416,9021f9b42681058b179c190ba727a5422fc558feb2d33a9c9c5874682738a824,ff
unreferenced_within_used_rom,4060352,4060672,320,1f34be94c0f6303063808553c7e906fedaf542afe7fc5d52040008ebfbe35038,ff
unreferenced_within_used_rom,4081632,4081664,32,af9613760f72635fbdb44a5a0a63c39f12af30f950a6ee5c971be188e89c4051,ff
unreferenced_within_used_rom,4087232,4087296,64,8667e718294e9e0df1d30600ba3eeb201f764aad2dad72748643e4a285e1d1f7,ff
unreferenced_within_used_rom,4098528,4098560,32,af9613760f72635fbdb44a5a0a63c39f12af30f950a6ee5c971be188e89c4051,ff
unreferenced_within_used_rom,4103296,4103680,384,a292bc4a1d8d3caa7dd32d1858f7d642a27373526b84cde7df8634faad708d2a,ff
unreferenced_within_used_rom,4123776,4124160,384,a292bc4a1d8d3caa7dd32d1858f7d642a27373526b84cde7df8634faad708d2a,ff
unreferenced_within_used_rom,4139840,4140032,192,8f62c344eff1568474fb693b8c18526629db443b9653a84264189c97693605de,ff
unreferenced_within_used_rom,4165248,4165632,384,a292bc4a1d8d3caa7dd32d1858f7d642a27373526b84cde7df8634faad708d2a,ff
unreferenced_within_used_rom,4197408,4197888,480,bf9b62d4418d862aa0826a28a846948151da66b8042967382ca6bfd6d7d1cdb2,ff
unreferenced_within_used_rom,4226624,4227072,448,ad948f3d279d42aeebf35cfdca0a9692de056c8286104fc0c96fc728f61a9c07,ff
unreferenced_within_used_rom,4233536,4233728,192,8f62c344eff1568474fb693b8c18526629db443b9653a84264189c97693605de,ff
unreferenced_within_used_rom,4234944,4235264,320,1f34be94c0f6303063808553c7e906fedaf542afe7fc5d52040008ebfbe35038,ff
unreferenced_within_used_rom,4236864,4237312,448,ad948f3d279d42aeebf35cfdca0a9692de056c8286104fc0c96fc728f61a9c07,ff
unreferenced_within_used_rom,4399100,4399104,4,ad95131bc0b799c0b1af477fb14fcf26a6a9f76079e48bf090acb7e8367bfd0e,ff
unreferenced_within_used_rom,4406531,4406784,253,7b1a24a477401c24153307421aed1bc9cef6f407f6bf725794d631f704837502,ff
unreferenced_within_used_rom,4410472,4410880,408,90355c2d0a613511985dfe3953a0ac8c28aaf6a4de822db3f2aeae839a584bd9,ff
unreferenced_within_used_rom,4413504,4413952,448,ad948f3d279d42aeebf35cfdca0a9692de056c8286104fc0c96fc728f61a9c07,ff
unreferenced_within_used_rom,4414442,4414464,22,4cee7060fc85c66cdb7830ad2a6e09c8fbb0e9173276bee9df0744c2735e2fda,ff
unreferenced_within_used_rom,4422840,4423168,328,5d02867c4fcc298bca28ab8ca437e646368ca7fd26184c71048bbb4fe570df1a,ff
unreferenced_within_used_rom,4425252,4425728,476,6014b202385aa136291df620d3de009e948cc020d4e215784a34aebb58b3d855,ff
unreferenced_within_used_rom,4425780,4426240,460,9b8f255bfb88d522281dfdea402175e353e460a09edba88f7d8123d6ee6cb8e6,ff
unreferenced_within_used_rom,4426304,4426752,448,ad948f3d279d42aeebf35cfdca0a9692de056c8286104fc0c96fc728f61a9c07,ff
unreferenced_within_used_rom,4426804,4427264,460,9b8f255bfb88d522281dfdea402175e353e460a09edba88f7d8123d6ee6cb8e6,ff
unreferenced_within_used_rom,4427316,4427776,460,9b8f255bfb88d522281dfdea402175e353e460a09edba88f7d8123d6ee6cb8e6,ff
unreferenced_within_used_rom,4427828,4428288,460,9b8f255bfb88d522281dfdea402175e353e460a09edba88f7d8123d6ee6cb8e6,ff
unreferenced_within_used_rom,4436528,4436992,464,68ae0bd29c78321dd0733e60db7396cedb242552dc4741e9dbebc09106a819c3,ff
unreferenced_within_used_rom,4437544,4438016,472,8976ac95524829e109a8ecf07f8efd7f344493c1e2d7e39919dad95c0bdb3a24,ff
unreferenced_within_used_rom,4438127,4438528,401,87b3e52e2734abf57bb41d2b88b9a13d910ad6979f7442eeea5c4b448ff33f45,ff
unreferenced_within_used_rom,4441860,4442112,252,dc6a17c9570845b5667fe6faa1361f05e471f5ab033213aec9b26acc0aab8849,ff
unreferenced_within_used_rom,4914732,4915200,468,72ea1f236b489fb91b63f41859d566d5f05c463fff88b1ddfe13ca5a585e353a,ff
unreferenced_within_used_rom,4915568,4915712,144,d169f6754229c200ba4838a38e4894c03c47ce8939db4b7a11c224921b982521,ff
unreferenced_within_used_rom,4916264,4916736,472,8976ac95524829e109a8ecf07f8efd7f344493c1e2d7e39919dad95c0bdb3a24,ff
unreferenced_within_used_rom,4916790,4917248,458,eb6a8ee9a23e58f0589f519066dfee6dc1ed0ab174889b850191ffd628184dcb,ff
unreferenced_within_used_rom,4917286,4917760,474,76daddc7ee9923dcf93214401f9566ce85822ced6b7bbbc4c265a450c83a87a1,ff
unreferenced_within_used_rom,4917798,4918272,474,76daddc7ee9923dcf93214401f9566ce85822ced6b7bbbc4c265a450c83a87a1,ff
unreferenced_within_used_rom,4918315,4918784,469,c32af83743c45629788d713a595d3fa327046054393bcd5cc26d29136303251d,ff
unreferenced_within_used_rom,4918800,4919296,496,1dd7b5aec086135580c588a9e91cb20983cfdb38ce06d49567355c7944980ffc,ff
unreferenced_within_used_rom,4919312,4919808,496,1dd7b5aec086135580c588a9e91cb20983cfdb38ce06d49567355c7944980ffc,ff
unreferenced_within_used_rom,4919853,4920320,467,3317fb06594750203f163dde7bdee358fdf4ea1b50899f4602a6c1825f6d9145,ff
unreferenced_within_used_rom,4921720,4921856,136,b37c47f42e74edc6a9bdfa65206dcda5a80eaaa3c3eee9b361636536d81a1f89,ff
unreferenced_within_used_rom,5395748,5395968,220,77cc87a375a23d5286b58d4a3dbf89efc94a5b2000a5ccf9f6fddca1acb8f4ac,ff
unreferenced_within_used_rom,5419040,5419520,480,bf9b62d4418d862aa0826a28a846948151da66b8042967382ca6bfd6d7d1cdb2,ff
unreferenced_within_used_rom,5419592,5420032,440,ccfdb707841cc9878b5aeac45b19e12d90d0250fb83a28bbffc99cc5979a36b6,ff
unreferenced_within_used_rom,5420104,5420544,440,ccfdb707841cc9878b5aeac45b19e12d90d0250fb83a28bbffc99cc5979a36b6,ff
unreferenced_within_used_rom,5420616,5421056,440,ccfdb707841cc9878b5aeac45b19e12d90d0250fb83a28bbffc99cc5979a36b6,ff
unreferenced_within_used_rom,5421128,5421568,440,ccfdb707841cc9878b5aeac45b19e12d90d0250fb83a28bbffc99cc5979a36b6,ff
unreferenced_within_used_rom,5421640,5422080,440,ccfdb707841cc9878b5aeac45b19e12d90d0250fb83a28bbffc99cc5979a36b6,ff
unreferenced_within_used_rom,5422152,5422592,440,ccfdb707841cc9878b5aeac45b19e12d90d0250fb83a28bbffc99cc5979a36b6,ff
unreferenced_within_used_rom,5422664,5423104,440,ccfdb707841cc9878b5aeac45b19e12d90d0250fb83a28bbffc99cc5979a36b6,ff
unreferenced_within_used_rom,5423176,5423616,440,ccfdb707841cc9878b5aeac45b19e12d90d0250fb83a28bbffc99cc5979a36b6,ff
unreferenced_within_used_rom,5423688,5424128,440,ccfdb707841cc9878b5aeac45b19e12d90d0250fb83a28bbffc99cc5979a36b6,ff
unreferenced_within_used_rom,5424200,5424640,440,ccfdb707841cc9878b5aeac45b19e12d90d0250fb83a28bbffc99cc5979a36b6,ff
unreferenced_within_used_rom,5424712,5425152,440,ccfdb707841cc9878b5aeac45b19e12d90d0250fb83a28bbffc99cc5979a36b6,ff
unreferenced_within_used_rom,5579792,5580288,496,1dd7b5aec086135580c588a9e91cb20983cfdb38ce06d49567355c7944980ffc,ff
unreferenced_within_used_rom,5582324,5582336,12,8688d249e9d047b4fc2fb89ce05afe9ec89252ffccdd969de6eef260dd7ffb21,ff
unreferenced_within_used_rom,5615152,5615616,464,68ae0bd29c78321dd0733e60db7396cedb242552dc4741e9dbebc09106a819c3,ff
unreferenced_within_used_rom,5616168,5616640,472,8976ac95524829e109a8ecf07f8efd7f344493c1e2d7e39919dad95c0bdb3a24,ff
unreferenced_within_used_rom,5618724,5619200,476,6014b202385aa136291df620d3de009e948cc020d4e215784a34aebb58b3d855,ff
unreferenced_within_used_rom,5810924,5811200,276,74e91c3d013885cbf7a6de3e5fd0fb1647795a99f24303973515ea71e3289491,ff
unreferenced_within_used_rom,5811220,5811712,492,1e129a53e316de73b1c3f207144bde598aeb948a48062d905624507b8923d752,ff
unreferenced_within_used_rom,5816144,5816320,176,e0f927b817cce657b4a9967ca2b69f164bd9129f1e5de56c379c4e5f5c4b91c7,ff
unreferenced_within_used_rom,5820808,5820928,120,9088fee917e5a748c2f0b4f5458c1cbdabbd696291c69be6e605bae0ef779e8f,ff
unreferenced_within_used_rom,5822328,5822464,136,b37c47f42e74edc6a9bdfa65206dcda5a80eaaa3c3eee9b361636536d81a1f89,ff
unreferenced_within_used_rom,5826952,5827072,120,9088fee917e5a748c2f0b4f5458c1cbdabbd696291c69be6e605bae0ef779e8f,ff
unreferenced_within_used_rom,5828472,5828608,136,b37c47f42e74edc6a9bdfa65206dcda5a80eaaa3c3eee9b361636536d81a1f89,ff
unreferenced_within_used_rom,5829320,5829632,312,26e1989c6b3b3e1b905dcc17405a2767a1a3ebbb76b26ae3ac6b16bfd61c031c,ff
unreferenced_within_used_rom,5862448,5862912,464,68ae0bd29c78321dd0733e60db7396cedb242552dc4741e9dbebc09106a819c3,ff
unreferenced_within_used_rom,5863464,5863936,472,8976ac95524829e109a8ecf07f8efd7f344493c1e2d7e39919dad95c0bdb3a24,ff
unreferenced_within_used_rom,5864332,5864448,116,0ac78c2a8932ef08442f30d50a6c3ccd52ad4e92718626a9a207df0ebe33c623,ff
unreferenced_within_used_rom,5865024,5865472,448,ad948f3d279d42aeebf35cfdca0a9692de056c8286104fc0c96fc728f61a9c07,ff
unreferenced_within_used_rom,5866048,5866496,448,ad948f3d279d42aeebf35cfdca0a9692de056c8286104fc0c96fc728f61a9c07,ff
unreferenced_within_used_rom,5867048,5867520,472,8976ac95524829e109a8ecf07f8efd7f344493c1e2d7e39919dad95c0bdb3a24,ff
unreferenced_within_used_rom,5867716,5868032,316,6b880372558aa42114039458cbb35c09af6ed5f8247383b43548e20ee0a174fe,ff
unreferenced_within_used_rom,5868228,5868544,316,6b880372558aa42114039458cbb35c09af6ed5f8247383b43548e20ee0a174fe,ff
unreferenced_within_used_rom,5868860,5869056,196,3d0b3dca249bd1df25779d65db277be994634971b1c8fdcc971fcf7c400fa8c0,ff
unreferenced_within_used_rom,5869472,5869568,96,ce65609cc564ce3d8cb72d46bc44cd5495afbad7bc61b5edfa0799baa5063191,ff
unreferenced_within_used_rom,5869716,5870080,364,9022bdd06c8eb4395f9b070b3b1d9e3c4d0e737da54c52267a846aa92eacf847,ff
unreferenced_within_used_rom,5870156,5870592,436,c577d543ef7c1615afd34449fda585dc345ad1465d67b331eaa41c4c30945255,ff
unreferenced_within_used_rom,5870688,5871104,416,9021f9b42681058b179c190ba727a5422fc558feb2d33a9c9c5874682738a824,ff
unreferenced_within_used_rom,5871180,5871616,436,c577d543ef7c1615afd34449fda585dc345ad1465d67b331eaa41c4c30945255,ff
unreferenced_within_used_rom,5871692,5872128,436,c577d543ef7c1615afd34449fda585dc345ad1465d67b331eaa41c4c30945255,ff
unreferenced_within_used_rom,5872180,5872640,460,9b8f255bfb88d522281dfdea402175e353e460a09edba88f7d8123d6ee6cb8e6,ff
unreferenced_within_used_rom,5873076,5873152,76,f23d9ee2ba3f908b1532a10c56526e78f2bafed3757a4f9b95866159473dd4f9,ff
unreferenced_within_used_rom,5873588,5873664,76,f23d9ee2ba3f908b1532a10c56526e78f2bafed3757a4f9b95866159473dd4f9,ff
unreferenced_within_used_rom,5874724,5875200,476,6014b202385aa136291df620d3de009e948cc020d4e215784a34aebb58b3d855,ff
unreferenced_within_used_rom,5876608,5876736,128,e9175db65a9789096ca9cb5524d3abc2107df03e3c9ba3af1aca628f9c5d3bd2,ff
unreferenced_within_used_rom,5876908,5877248,340,cb9c3eae31ea3b5ebf14eee1fcf3522df1441095c4605ad670a4daa3e3d05984,ff
unreferenced_within_used_rom,5877348,5877760,412,44b03ad76bc1e6498336c7726478ac787c4b03f1e01ed6d4302136f5a2e11689,ff
unreferenced_within_used_rom,5877860,5878272,412,44b03ad76bc1e6498336c7726478ac787c4b03f1e01ed6d4302136f5a2e11689,ff
unreferenced_within_used_rom,5878372,5878784,412,44b03ad76bc1e6498336c7726478ac787c4b03f1e01ed6d4302136f5a2e11689,ff
unreferenced_within_used_rom,5878912,5879296,384,a292bc4a1d8d3caa7dd32d1858f7d642a27373526b84cde7df8634faad708d2a,ff
unreferenced_within_used_rom,5879372,5879808,436,c577d543ef7c1615afd34449fda585dc345ad1465d67b331eaa41c4c30945255,ff
unreferenced_within_used_rom,5879971,5880320,349,9f5f6da9502bbccf678df3841130f1cd8cffd1770e333fce161142017ebe37e3,ff
unreferenced_within_used_rom,5880535,5880832,297,8b01870c3dd1f31615e22bd2c3a36f8ad97d31aba4d26467d10ae14bff531869,ff
unreferenced_within_used_rom,5884080,5884416,336,77071fc978963dce5058c795643c95c195d0d2506c5f02ff38c09e4c8d6ec517,ff
unreferenced_within_used_rom,5884968,5885440,472,8976ac95524829e109a8ecf07f8efd7f344493c1e2d7e39919dad95c0bdb3a24,ff
unreferenced_within_used_rom,5885551,5885952,401,87b3e52e2734abf57bb41d2b88b9a13d910ad6979f7442eeea5c4b448ff33f45,ff
unreferenced_within_used_rom,5886051,5886464,413,1c99d1961e9394a47f6551c31c5a343765c152b3a53396c9f849d6e05a5978d2,ff
unreferenced_within_used_rom,5887024,5887488,464,68ae0bd29c78321dd0733e60db7396cedb242552dc4741e9dbebc09106a819c3,ff
unreferenced_within_used_rom,5888040,5888512,472,8976ac95524829e109a8ecf07f8efd7f344493c1e2d7e39919dad95c0bdb3a24,ff
unreferenced_within_used_rom,5893344,5893632,288,c49fd3b652e068233b78f7300696e2201ddf3932072b8b303de297e7d0354827,ff
unreferenced_within_used_rom,5894224,5894656,432,23b08da305801e86e6ab7dd7d5c7d7fb8ad2a6218aa08f42daef1652fe65e872,ff
unreferenced_within_used_rom,5895248,5895680,432,23b08da305801e86e6ab7dd7d5c7d7fb8ad2a6218aa08f42daef1652fe65e872,ff
unreferenced_within_used_rom,5896272,5896704,432,23b08da305801e86e6ab7dd7d5c7d7fb8ad2a6218aa08f42daef1652fe65e872,ff
unreferenced_within_used_rom,5897296,5897728,432,23b08da305801e86e6ab7dd7d5c7d7fb8ad2a6218aa08f42daef1652fe65e872,ff
unreferenced_within_used_rom,5904148,5904384,236,d0e58b2b56b917140512e75422d45520ce2881d70b6b5bd52c46f8c40a62a535,ff
unreferenced_within_used_rom,5905116,5905408,292,08e9ada57327ffb9e4bcaed1be7d8ad94b085b2a99318313105c1531ac8d1539,ff
unreferenced_within_used_rom,5905556,5905920,364,9022bdd06c8eb4395f9b070b3b1d9e3c4d0e737da54c52267a846aa92eacf847,ff
unreferenced_within_used_rom,5906112,5906432,320,1f34be94c0f6303063808553c7e906fedaf542afe7fc5d52040008ebfbe35038,ff
unreferenced_within_used_rom,5906700,5906944,244,17e41f65b709ecc118fa639b1d4367396bfd42e63acd399059801ac48398a317,ff
unreferenced_within_used_rom,5907092,5907456,364,9022bdd06c8eb4395f9b070b3b1d9e3c4d0e737da54c52267a846aa92eacf847,ff
unreferenced_within_used_rom,5907604,5907968,364,9022bdd06c8eb4395f9b070b3b1d9e3c4d0e737da54c52267a846aa92eacf847,ff
unreferenced_within_used_rom,5908044,5908480,436,c577d543ef7c1615afd34449fda585dc345ad1465d67b331eaa41c4c30945255,ff
unreferenced_within_used_rom,5908650,5908992,342,2aeeee3c67a4b34c30af583847c90d3e2dc5151dff6b0fb1cde8870302330689,ff
unreferenced_within_used_rom,5909178,5909504,326,bc8755b8dcb2298a2c989677c13c4af1d7a693079821647f6377796b86ba33f7,ff
unreferenced_within_used_rom,5909724,5910016,292,08e9ada57327ffb9e4bcaed1be7d8ad94b085b2a99318313105c1531ac8d1539,ff
unreferenced_within_used_rom,5910165,5910528,363,71ef5f27962b41f8ae11bce775a43159fa0614eb1c01e17b4a2cdf9aea44b595,ff
unreferenced_within_used_rom,5921396,5921792,396,481ac674a6d701121f3a00411c9d9d4ce20a5fb1a0c7fcccc22d020493dc261a,ff
unreferenced_within_used_rom,5922404,5922816,412,44b03ad76bc1e6498336c7726478ac787c4b03f1e01ed6d4302136f5a2e11689,ff
unreferenced_within_used_rom,5924301,5924352,51,ef8ba7fe35e860343c0139598a8c4f7ac256847c0ca3542ea93644afc8685105,ff
unreferenced_within_used_rom,5946840,5946880,40,6ecd0f0bd7cf53c56d2129820911a26f815949eee418ca46b4f3d7a80cd969a7,ff
unreferenced_within_used_rom,5970560,5970944,384,a292bc4a1d8d3caa7dd32d1858f7d642a27373526b84cde7df8634faad708d2a,ff
unreferenced_within_used_rom,5972628,5972992,364,9022bdd06c8eb4395f9b070b3b1d9e3c4d0e737da54c52267a846aa92eacf847,ff
unreferenced_within_used_rom,5977648,5978112,464,68ae0bd29c78321dd0733e60db7396cedb242552dc4741e9dbebc09106a819c3,ff
unreferenced_within_used_rom,5978664,5979136,472,8976ac95524829e109a8ecf07f8efd7f344493c1e2d7e39919dad95c0bdb3a24,ff
unreferenced_within_used_rom,5995224,5995520,296,a0f4ca44a8d75a80222d8c564cf2d62fdc724c078d03da81d237b7a123384a55,ff
unreferenced_within_used_rom,5995769,5996032,263,26e10ca324dc040fbb0319dc846dc4b9e3d8b88571f81b0880ad87d503aae267,ff
unreferenced_within_used_rom,5996297,5996544,247,06b871cb3b614fa6ad067ada4897f7a86ef78b7bd17210bd9f75cd636dbc3b13,ff
unreferenced_within_used_rom,5996758,5997056,298,8b462e9247e1991407060791bcb43913c7e286eb18f2cf9fd81f731c302f8638,ff
unreferenced_within_used_rom,5997218,5997568,350,317177f2882e36166318ad4a5f4252528011a1cae6cedb6ea2cfeade7f2284a2,ff
unreferenced_within_used_rom,5998896,5999104,208,86ff85227f7cc42cc3293ebdeeb10d8660b51eb429dd1d6c999ddf14cb59db73,ff
unreferenced_within_used_rom,6132124,6132224,100,da6f14970ce356ce01a5b340291e9d8b2652eb63fbf8f328ca6a87a727fde4d9,ff
unreferenced_within_used_rom,6146664,6147072,408,90355c2d0a613511985dfe3953a0ac8c28aaf6a4de822db3f2aeae839a584bd9,ff
unreferenced_within_used_rom,6268844,6268928,84,4a83aa458b0a2379f2c7a336bd0d936f33d55fa35fd8bf823ba81cdde29725aa,ff
unreferenced_within_used_rom,6288744,6288896,152,98a1a382b32ccf7bc6d87cda8c196485641b07ee46a1b1d3748788e197fe985b,ff
unreferenced_within_used_rom,6288972,6289408,436,c577d543ef7c1615afd34449fda585dc345ad1465d67b331eaa41c4c30945255,ff
unreferenced_within_used_rom,6289484,6289920,436,c577d543ef7c1615afd34449fda585dc345ad1465d67b331eaa41c4c30945255,ff
unreferenced_within_used_rom,6289996,6290432,436,c577d543ef7c1615afd34449fda585dc345ad1465d67b331eaa41c4c30945255,ff
unreferenced_within_used_rom,6290508,6290944,436,c577d543ef7c1615afd34449fda585dc345ad1465d67b331eaa41c4c30945255,ff
unreferenced_within_used_rom,6291040,6291456,416,9021f9b42681058b179c190ba727a5422fc558feb2d33a9c9c5874682738a824,ff
unreferenced_within_used_rom,6291508,6291968,460,9b8f255bfb88d522281dfdea402175e353e460a09edba88f7d8123d6ee6cb8e6,ff
unreferenced_within_used_rom,6292020,6292480,460,9b8f255bfb88d522281dfdea402175e353e460a09edba88f7d8123d6ee6cb8e6,ff
unreferenced_within_used_rom,6293245,6293504,259,0b54b4ef2f019c1a1661461f37aafa996bd3d4f4dd717c598cc15cb17dce967d,ff
unreferenced_within_used_rom,6294116,6294528,412,44b03ad76bc1e6498336c7726478ac787c4b03f1e01ed6d4302136f5a2e11689,ff
unreferenced_within_used_rom,6336052,6336512,460,9b8f255bfb88d522281dfdea402175e353e460a09edba88f7d8123d6ee6cb8e6,ff
unreferenced_within_used_rom,7266364,7266816,452,6289fac571df68bb15a3891d511d6b6234b515a991584dc08c33a128d2fdc35e,ff
unreferenced_within_used_rom,7345136,7345152,16,5ac6a5945f16500911219129984ba8b387a06f24fe383ce4e81a73294065461b,ff
unreferenced_within_used_rom,7345728,7346176,448,ad948f3d279d42aeebf35cfdca0a9692de056c8286104fc0c96fc728f61a9c07,ff
unreferenced_within_used_rom,7496804,7497216,412,44b03ad76bc1e6498336c7726478ac787c4b03f1e01ed6d4302136f5a2e11689,ff
unreferenced_within_used_rom,7497792,7498240,448,ad948f3d279d42aeebf35cfdca0a9692de056c8286104fc0c96fc728f61a9c07,ff
unreferenced_within_used_rom,7498792,7499264,472,8976ac95524829e109a8ecf07f8efd7f344493c1e2d7e39919dad95c0bdb3a24,ff
unreferenced_within_used_rom,14984032,14984192,160,0052516839b94ee314a4e3b398c8036de3790d672194987a394ee60323848539,ff
unreferenced_within_used_rom,22931200,22931456,256,3d6876a0146de8576eb2395a858de1213d1b92c65b779df3a331cfd5a4584546,ff
unreferenced_within_used_rom,25585804,25586176,372,60f51c3aabf0d52047e4c17a90dff09ba184e7184c8cdcca650f9e33def5c5d2,ff
unreferenced_within_used_rom,27035232,27035648,416,9021f9b42681058b179c190ba727a5422fc558feb2d33a9c9c5874682738a824,ff
unreferenced_within_used_rom,27042396,27042816,420,b449e6715cd9f24c641fd6d991ae5c12cf02d7d85c4aad2af4d9c2d9c03f1ab0,ff
unreferenced_within_used_rom,27065924,27066368,444,eeca29ad5a2734765a695ea6f30c8aa13ba52ff0c26105a2016e61adf4de5b65,ff
unreferenced_within_used_rom,27068052,27068416,364,9022bdd06c8eb4395f9b070b3b1d9e3c4d0e737da54c52267a846aa92eacf847,ff
unreferenced_within_used_rom,27091524,27091968,444,eeca29ad5a2734765a695ea6f30c8aa13ba52ff0c26105a2016e61adf4de5b65,ff
unreferenced_within_used_rom,27093892,27094016,124,49400dd2502410d5b6c7222a4261c8dbfa17c8b96b1faf91df4f586761841d76,ff
unreferenced_within_used_rom,27984620,27984896,276,74e91c3d013885cbf7a6de3e5fd0fb1647795a99f24303973515ea71e3289491,ff
unreferenced_within_used_rom,29006220,29006336,116,0ac78c2a8932ef08442f30d50a6c3ccd52ad4e92718626a9a207df0ebe33c623,ff
unreferenced_within_used_rom,40785012,40785408,396,481ac674a6d701121f3a00411c9d9d4ce20a5fb1a0c7fcccc22d020493dc261a,ff
unreferenced_within_used_rom,40785964,40786432,468,72ea1f236b489fb91b63f41859d566d5f05c463fff88b1ddfe13ca5a585e353a,ff
unreferenced_within_used_rom,40786988,40787456,468,72ea1f236b489fb91b63f41859d566d5f05c463fff88b1ddfe13ca5a585e353a,ff
unreferenced_within_used_rom,40788012,40788480,468,72ea1f236b489fb91b63f41859d566d5f05c463fff88b1ddfe13ca5a585e353a,ff
unreferenced_within_used_rom,52567156,52567552,396,481ac674a6d701121f3a00411c9d9d4ce20a5fb1a0c7fcccc22d020493dc261a,ff
unreferenced_within_used_rom,52889180,52889600,420,b449e6715cd9f24c641fd6d991ae5c12cf02d7d85c4aad2af4d9c2d9c03f1ab0,ff
unreferenced_within_used_rom,54419200,54419456,256,3d6876a0146de8576eb2395a858de1213d1b92c65b779df3a331cfd5a4584546,ff
unreferenced_within_used_rom,54445560,54445568,8,12a3ae445661ce5dee78d0650d33362dec29c4f82af05e7e57fb595bbbacf0ca,ff
unreferenced_within_used_rom,54472036,54472192,156,6f50d0f89132d69cb99f926cddf858120dcc4f1189a03452a79a6f1a6fef330a,ff
unreferenced_within_used_rom,54498660,54498816,156,6f50d0f89132d69cb99f926cddf858120dcc4f1189a03452a79a6f1a6fef330a,ff
unreferenced_within_used_rom,54502164,54502400,236,d0e58b2b56b917140512e75422d45520ce2881d70b6b5bd52c46f8c40a62a535,ff
unreferenced_within_used_rom,54505748,54505984,236,d0e58b2b56b917140512e75422d45520ce2881d70b6b5bd52c46f8c40a62a535,ff
unreferenced_within_used_rom,54507000,54507008,8,12a3ae445661ce5dee78d0650d33362dec29c4f82af05e7e57fb595bbbacf0ca,ff
unreferenced_within_used_rom,54526176,54526464,288,c49fd3b652e068233b78f7300696e2201ddf3932072b8b303de297e7d0354827,ff
unreferenced_within_used_rom,54552500,54552576,76,f23d9ee2ba3f908b1532a10c56526e78f2bafed3757a4f9b95866159473dd4f9,ff
unreferenced_within_used_rom,54581176,54581248,72,51cfa32fece0135f38198da2529e7c6a0c1f53747984d55705077b7f6920cc76,ff
unreferenced_within_used_rom,54591296,54591488,192,8f62c344eff1568474fb693b8c18526629db443b9653a84264189c97693605de,ff
unreferenced_within_used_rom,54593404,54593536,132,0cb297d6669024017917eef4a45229fe47c2b47099a514ee62e89bc4874294a5,ff
unreferenced_within_used_rom,54613764,54614016,252,dc6a17c9570845b5667fe6faa1361f05e471f5ab033213aec9b26acc0aab8849,ff
unreferenced_within_used_rom,55254140,55254528,388,a58ff1884b746a032b6ec99f459b509b968499263f1b8a35c40bef524aec7be5,ff
unreferenced_within_used_rom,56107300,56107520,220,77cc87a375a23d5286b58d4a3dbf89efc94a5b2000a5ccf9f6fddca1acb8f4ac,ff
unreferenced_within_used_rom,56363340,56363520,180,e08c7a0233fe3424e06449f8b19133016749482cba857f59774d4b29267990e0,ff
unreferenced_within_used_rom,56375844,56376320,476,6014b202385aa136291df620d3de009e948cc020d4e215784a34aebb58b3d855,ff
unreferenced_within_used_rom,56393260,56393728,468,72ea1f236b489fb91b63f41859d566d5f05c463fff88b1ddfe13ca5a585e353a,ff
unreferenced_within_used_rom,56446924,56446976,52,01028783afa8d55efe67c3967e5405a39640fede4405133b3f1f86a8edcd07dd,ff
unreferenced_within_used_rom,56453392,56453632,240,d6c49417b1ca0a6714dcde2b40010cb7496d05df7f8c8b1b9814097e9d62c8e1,ff
unreferenced_within_used_rom,56459004,56459264,260,7c9a3b8c0380189cccdc5a5db9a3c224f08b92bbda2a2894698e20f2968a4adf,ff
unreferenced_within_used_rom,56463952,56464384,432,23b08da305801e86e6ab7dd7d5c7d7fb8ad2a6218aa08f42daef1652fe65e872,ff
unreferenced_within_used_rom,56497460,56497664,204,dc6c9c43af3a1e4a3102286e5784afbd26f393dabf9b59b4cf3b74e9b6dce2ee,ff
unreferenced_within_used_rom,56502144,56502272,128,e9175db65a9789096ca9cb5524d3abc2107df03e3c9ba3af1aca628f9c5d3bd2,ff
unreferenced_within_used_rom,56513628,56514048,420,b449e6715cd9f24c641fd6d991ae5c12cf02d7d85c4aad2af4d9c2d9c03f1ab0,ff
unreferenced_within_used_rom,56525404,56525824,420,b449e6715cd9f24c641fd6d991ae5c12cf02d7d85c4aad2af4d9c2d9c03f1ab0,ff
unreferenced_within_used_rom,56830788,56830976,188,129a47b49a3e1a06af4cc9cab579d3a6a6c7f6ab5a17a3f75dd1b09eb9be85e1,ff
unreferenced_within_used_rom,56847864,56847872,8,12a3ae445661ce5dee78d0650d33362dec29c4f82af05e7e57fb595bbbacf0ca,ff
unreferenced_within_used_rom,57107568,57107968,400,c323c96b39b5155a4788a606c6fc05571befd551e693af4ec6b7f369cc42a834,ff
unreferenced_within_used_rom,57108652,57108992,340,cb9c3eae31ea3b5ebf14eee1fcf3522df1441095c4605ad670a4daa3e3d05984,ff
unreferenced_within_used_rom,57140504,57140736,232,c80a17673aa3c620f955b53433262f72c351eecccd3679f0a3c50b7e4ee77f13,ff
unreferenced_within_used_rom,57142300,57142784,484,d72674baf21b2f65f74ecc9fbd4985ee3916bead8c4745266ad61b43ab964322,ff
unreferenced_within_used_rom,57143452,57143808,356,89860ee4975dba3ec6e8865839ce8361c7333cce139c245b9671181f88d56688,ff
unreferenced_within_used_rom,58998752,58998784,32,af9613760f72635fbdb44a5a0a63c39f12af30f950a6ee5c971be188e89c4051,ff
unreferenced_within_used_rom,59139364,59139584,220,77cc87a375a23d5286b58d4a3dbf89efc94a5b2000a5ccf9f6fddca1acb8f4ac,ff
unreferenced_within_used_rom,59150204,59150336,132,0cb297d6669024017917eef4a45229fe47c2b47099a514ee62e89bc4874294a5,ff
unreferenced_within_used_rom,59193596,59193856,260,7c9a3b8c0380189cccdc5a5db9a3c224f08b92bbda2a2894698e20f2968a4adf,ff
unreferenced_within_used_rom,59458756,59459072,316,6b880372558aa42114039458cbb35c09af6ed5f8247383b43548e20ee0a174fe,ff
unreferenced_within_used_rom,59459940,59460096,156,6f50d0f89132d69cb99f926cddf858120dcc4f1189a03452a79a6f1a6fef330a,ff
unreferenced_within_used_rom,60219936,60220416,480,bf9b62d4418d862aa0826a28a846948151da66b8042967382ca6bfd6d7d1cdb2,ff
unreferenced_within_used_rom,60221860,60221952,92,f7b17d2718fb1c33c3f11a2ec0b20bc08a365fa6b3700dc45cfbe5dae8ca3d73,ff
unreferenced_within_used_rom,60258260,60258304,44,463d5921a6bfd5c98f6047f561495800372e627c07ce458c23b7ac164a22be51,ff
unreferenced_within_used_rom,60290580,60291072,492,1e129a53e316de73b1c3f207144bde598aeb948a48062d905624507b8923d752,ff
unreferenced_within_used_rom,60544344,60544512,168,d4aeb32717fdf59836f8b090ed470955826756e10de9db193f79fbe5794f110f,ff
unreferenced_within_used_rom,60608932,60609024,92,f7b17d2718fb1c33c3f11a2ec0b20bc08a365fa6b3700dc45cfbe5dae8ca3d73,ff
unreferenced_within_used_rom,60715824,60716032,208,86ff85227f7cc42cc3293ebdeeb10d8660b51eb429dd1d6c999ddf14cb59db73,ff
unreferenced_within_used_rom,60735344,60735488,144,d169f6754229c200ba4838a38e4894c03c47ce8939db4b7a11c224921b982521,ff
unreferenced_within_used_rom,60739768,60740096,328,5d02867c4fcc298bca28ab8ca437e646368ca7fd26184c71048bbb4fe570df1a,ff
unreferenced_within_used_rom,60924016,60924416,400,c323c96b39b5155a4788a606c6fc05571befd551e693af4ec6b7f369cc42a834,ff
unreferenced_within_used_rom,60929828,60930048,220,77cc87a375a23d5286b58d4a3dbf89efc94a5b2000a5ccf9f6fddca1acb8f4ac,ff
unreferenced_within_used_rom,60957628,60957696,68,45711c71a8ea9075f812520ebd55ac5565beaa67a4a54b7f7768d156e728d926,ff
unreferenced_within_used_rom,61717608,61718016,408,90355c2d0a613511985dfe3953a0ac8c28aaf6a4de822db3f2aeae839a584bd9,ff
unreferenced_within_used_rom,61763356,61763584,228,51dfb9f85859cf70e17b9950249dd65ad033e12d05710abb421af77b4e5b7edf,ff
unreferenced_within_used_rom,61798628,61798912,284,6627ad360744b02badddc8173e9b995053da0014db8f5a7511467704235828a3,ff
unreferenced_within_used_rom,61811556,61811712,156,6f50d0f89132d69cb99f926cddf858120dcc4f1189a03452a79a6f1a6fef330a,ff
unreferenced_within_used_rom,61838820,61838848,28,326a8ca97825794cbe04eb7e9ac623ed0335ada08fec52df0140973f3c11bf48,ff
unreferenced_within_used_rom,61844140,61844480,340,cb9c3eae31ea3b5ebf14eee1fcf3522df1441095c4605ad670a4daa3e3d05984,ff
unreferenced_within_used_rom,61853292,61853696,404,a135198e2020cd0457aa80bebc3d9f7c248d56128921af794d16cabd200d511c,ff
unreferenced_within_used_rom,61859016,61859328,312,26e1989c6b3b3e1b905dcc17405a2767a1a3ebbb76b26ae3ac6b16bfd61c031c,ff
unreferenced_within_used_rom,61882304,61882368,64,8667e718294e9e0df1d30600ba3eeb201f764aad2dad72748643e4a285e1d1f7,ff
unreferenced_within_used_rom,61892976,61893120,144,d169f6754229c200ba4838a38e4894c03c47ce8939db4b7a11c224921b982521,ff
unreferenced_within_used_rom,61978896,61979136,240,d6c49417b1ca0a6714dcde2b40010cb7496d05df7f8c8b1b9814097e9d62c8e1,ff
unreferenced_within_used_rom,61995084,61995520,436,c577d543ef7c1615afd34449fda585dc345ad1465d67b331eaa41c4c30945255,ff
unreferenced_within_used_rom,62000144,62000640,496,1dd7b5aec086135580c588a9e91cb20983cfdb38ce06d49567355c7944980ffc,ff
unreferenced_within_used_rom,62012724,62012928,204,dc6c9c43af3a1e4a3102286e5784afbd26f393dabf9b59b4cf3b74e9b6dce2ee,ff
unreferenced_within_used_rom,62834456,62834688,232,c80a17673aa3c620f955b53433262f72c351eecccd3679f0a3c50b7e4ee77f13,ff
unreferenced_within_used_rom,64010156,64010240,84,4a83aa458b0a2379f2c7a336bd0d936f33d55fa35fd8bf823ba81cdde29725aa,ff
unreferenced_within_used_rom,64101476,64101888,412,44b03ad76bc1e6498336c7726478ac787c4b03f1e01ed6d4302136f5a2e11689,ff
unreferenced_within_used_rom,64136932,64137216,284,6627ad360744b02badddc8173e9b995053da0014db8f5a7511467704235828a3,ff
unreferenced_within_used_rom,64353828,64354304,476,6014b202385aa136291df620d3de009e948cc020d4e215784a34aebb58b3d855,ff
unreferenced_within_used_rom,64401108,64401408,300,5263250339d3961c91f0bb1150e95ff862f8cd6a4ca873bc8d274dbe86fd6ce7,ff
unreferenced_within_used_rom,64420908,64421376,468,72ea1f236b489fb91b63f41859d566d5f05c463fff88b1ddfe13ca5a585e353a,ff
unreferenced_within_used_rom,64821328,64821760,432,23b08da305801e86e6ab7dd7d5c7d7fb8ad2a6218aa08f42daef1652fe65e872,ff
unreferenced_within_used_rom,64823092,64823296,204,dc6c9c43af3a1e4a3102286e5784afbd26f393dabf9b59b4cf3b74e9b6dce2ee,ff
unreferenced_within_used_rom,64842972,64843264,292,08e9ada57327ffb9e4bcaed1be7d8ad94b085b2a99318313105c1531ac8d1539,ff
unreferenced_within_used_rom,65428600,65428992,392,85ae98a61d8c46c891b84e682824c4a79ff779f8c8d3911c85c04147ba80b2bf,ff
unreferenced_within_used_rom,66006768,66007040,272,f493acc6d716b7843d52ecef8643ef79bac85f84dd8851de91627c38dc4f7e41,ff
unreferenced_within_used_rom,66065644,66065920,276,74e91c3d013885cbf7a6de3e5fd0fb1647795a99f24303973515ea71e3289491,ff
unreferenced_within_used_rom,67531908,67532288,380,e53ffb41183ae4664bd3bf3049861c1e383a67d9ece630b58aed242221356bb4,ff
unreferenced_within_used_rom,67853068,67853312,244,17e41f65b709ecc118fa639b1d4367396bfd42e63acd399059801ac48398a317,ff
unreferenced_within_used_rom,68155692,68155904,212,d31782695685974e55d7377b5d11638fecaa83c69d22daa0a95b13d2d8d85a55,ff
unreferenced_within_used_rom,70574996,70575104,108,8a4a142cd5b67451fa5f795cc98952b65d0889529440ebeeaa7b04032838ac4a,ff
unreferenced_within_used_rom,70732904,70733312,408,90355c2d0a613511985dfe3953a0ac8c28aaf6a4de822db3f2aeae839a584bd9,ff
unreferenced_within_used_rom,70812420,70812672,252,dc6a17c9570845b5667fe6faa1361f05e471f5ab033213aec9b26acc0aab8849,ff
unreferenced_within_used_rom,70891780,70892032,252,dc6a17c9570845b5667fe6faa1361f05e471f5ab033213aec9b26acc0aab8849,ff
unreferenced_within_used_rom,70971140,70971392,252,dc6a17c9570845b5667fe6faa1361f05e471f5ab033213aec9b26acc0aab8849,ff
unreferenced_within_used_rom,73226284,73226752,468,72ea1f236b489fb91b63f41859d566d5f05c463fff88b1ddfe13ca5a585e353a,ff
unreferenced_within_used_rom,73233152,73233408,256,3d6876a0146de8576eb2395a858de1213d1b92c65b779df3a331cfd5a4584546,ff
unreferenced_within_used_rom,73246460,73246720,260,7c9a3b8c0380189cccdc5a5db9a3c224f08b92bbda2a2894698e20f2968a4adf,ff
unreferenced_within_used_rom,73247972,73248256,284,6627ad360744b02badddc8173e9b995053da0014db8f5a7511467704235828a3,ff
unreferenced_within_used_rom,73254724,73254912,188,129a47b49a3e1a06af4cc9cab579d3a6a6c7f6ab5a17a3f75dd1b09eb9be85e1,ff
unreferenced_within_used_rom,74872760,74872832,72,51cfa32fece0135f38198da2529e7c6a0c1f53747984d55705077b7f6920cc76,ff
unreferenced_within_used_rom,76745516,76745728,212,d31782695685974e55d7377b5d11638fecaa83c69d22daa0a95b13d2d8d85a55,ff
unreferenced_within_used_rom,76747160,76747264,104,f71c209c8df8eeb07005a11966d0300bd86d153006ba2e05302caf822246d90f,ff
unreferenced_within_used_rom,92873104,92873216,112,d583aef59874543a14822c32be48385b86bd239a918575d36cf695b0eb1e0c1c,ff
unreferenced_within_used_rom,92887356,92887552,196,3d0b3dca249bd1df25779d65db277be994634971b1c8fdcc971fcf7c400fa8c0,ff
unreferenced_within_used_rom,92932792,92933120,328,5d02867c4fcc298bca28ab8ca437e646368ca7fd26184c71048bbb4fe570df1a,ff
unreferenced_within_used_rom,92955780,92956160,380,e53ffb41183ae4664bd3bf3049861c1e383a67d9ece630b58aed242221356bb4,ff
unreferenced_within_used_rom,92978824,92979200,376,56bc6d5c0d4743f39209256e9aba44cbd0676ef2eadb133d4da64d51b192d3fa,ff
unreferenced_within_used_rom,93131380,93131776,396,481ac674a6d701121f3a00411c9d9d4ce20a5fb1a0c7fcccc22d020493dc261a,ff
unreferenced_within_used_rom,93135048,93135360,312,26e1989c6b3b3e1b905dcc17405a2767a1a3ebbb76b26ae3ac6b16bfd61c031c,ff
unreferenced_within_used_rom,93196172,93196288,116,0ac78c2a8932ef08442f30d50a6c3ccd52ad4e92718626a9a207df0ebe33c623,ff
unreferenced_within_used_rom,93207292,93207552,260,7c9a3b8c0380189cccdc5a5db9a3c224f08b92bbda2a2894698e20f2968a4adf,ff
unreferenced_within_used_rom,93217260,93217280,20,9a8dcd3f9ff7aa3114e141f03c12989d363ea81fd74c02eea63c5f41489cb17a,ff
unreferenced_within_used_rom,93217888,93218304,416,9021f9b42681058b179c190ba727a5422fc558feb2d33a9c9c5874682738a824,ff
unreferenced_within_used_rom,93243716,93243904,188,129a47b49a3e1a06af4cc9cab579d3a6a6c7f6ab5a17a3f75dd1b09eb9be85e1,ff
unreferenced_within_used_rom,93272404,93272576,172,382db6ae839bc3c4f7db3945cf2880908154ac214e14d34b13793faedd677627,ff
unreferenced_within_used_rom,93315024,93315072,48,80a76a18acf8cb64fec3a659ffc4bab4a87cd9a6fde4dab2161a8751d136c9d2,ff
unreferenced_within_used_rom,93348460,93348864,404,a135198e2020cd0457aa80bebc3d9f7c248d56128921af794d16cabd200d511c,ff
unreferenced_within_used_rom,93490220,93490688,468,72ea1f236b489fb91b63f41859d566d5f05c463fff88b1ddfe13ca5a585e353a,ff
unreferenced_within_used_rom,93563728,93563904,176,e0f927b817cce657b4a9967ca2b69f164bd9129f1e5de56c379c4e5f5c4b91c7,ff
unreferenced_within_used_rom,93580476,93580800,324,18cbd03d016c3e706e120559b5cbba2df58eb41820d292665c0ab277b354c921,ff
unreferenced_within_used_rom,93674068,93674496,428,b9a44177b391a391a2e8a6fdd6dd2e8d58a765925f5e13d586d5914e1b812ec9,ff
unreferenced_within_used_rom,94627552,94627840,288,c49fd3b652e068233b78f7300696e2201ddf3932072b8b303de297e7d0354827,ff
unreferenced_within_used_rom,94653964,94654464,500,1d616f19a7f411169cf0b3e3e86d5ab075c32b07672cf0b4603377db6fc4f1a3,ff
unreferenced_within_used_rom,94656292,94656512,220,77cc87a375a23d5286b58d4a3dbf89efc94a5b2000a5ccf9f6fddca1acb8f4ac,ff
unreferenced_within_used_rom,94914356,94914560,204,dc6c9c43af3a1e4a3102286e5784afbd26f393dabf9b59b4cf3b74e9b6dce2ee,ff
unreferenced_within_used_rom,94919496,94919680,184,ba151f705f188cd9fcab95d6d24c0da135a4f334778b139684f38b8b4fbe728f,ff
unreferenced_within_used_rom,94922700,94922752,52,01028783afa8d55efe67c3967e5405a39640fede4405133b3f1f86a8edcd07dd,ff
unreferenced_within_used_rom,95017816,95017984,168,d4aeb32717fdf59836f8b090ed470955826756e10de9db193f79fbe5794f110f,ff
unreferenced_within_used_rom,95080020,95080448,428,b9a44177b391a391a2e8a6fdd6dd2e8d58a765925f5e13d586d5914e1b812ec9,ff
unreferenced_within_used_rom,95081608,95081984,376,56bc6d5c0d4743f39209256e9aba44cbd0676ef2eadb133d4da64d51b192d3fa,ff
unreferenced_within_used_rom,95091472,95091712,240,d6c49417b1ca0a6714dcde2b40010cb7496d05df7f8c8b1b9814097e9d62c8e1,ff
unreferenced_within_used_rom,95092760,95093248,488,3832cbd77b14dad756b4023ff2d1c056c45c5402bb2682353f45de66cb5278a7,ff
unreferenced_within_used_rom,95094296,95094784,488,3832cbd77b14dad756b4023ff2d1c056c45c5402bb2682353f45de66cb5278a7,ff
unreferenced_within_used_rom,95095268,95095296,28,326a8ca97825794cbe04eb7e9ac623ed0335ada08fec52df0140973f3c11bf48,ff
unreferenced_within_used_rom,95109188,95109632,444,eeca29ad5a2734765a695ea6f30c8aa13ba52ff0c26105a2016e61adf4de5b65,ff
unreferenced_within_used_rom,95123524,95123968,444,eeca29ad5a2734765a695ea6f30c8aa13ba52ff0c26105a2016e61adf4de5b65,ff
unreferenced_within_used_rom,95133332,95133696,364,9022bdd06c8eb4395f9b070b3b1d9e3c4d0e737da54c52267a846aa92eacf847,ff
unreferenced_within_used_rom,95246316,95246336,20,9a8dcd3f9ff7aa3114e141f03c12989d363ea81fd74c02eea63c5f41489cb17a,ff
unreferenced_within_used_rom,95355524,95355904,380,e53ffb41183ae4664bd3bf3049861c1e383a67d9ece630b58aed242221356bb4,ff
unreferenced_within_used_rom,95395652,95395840,188,129a47b49a3e1a06af4cc9cab579d3a6a6c7f6ab5a17a3f75dd1b09eb9be85e1,ff
unreferenced_within_used_rom,95418716,95418880,164,e6cb9c9c356d2ba83ce89493ae74c91ad065fac76eec4d3409211c0b8450f091,ff
unreferenced_within_used_rom,95452608,95452672,64,8667e718294e9e0df1d30600ba3eeb201f764aad2dad72748643e4a285e1d1f7,ff
unreferenced_within_used_rom,95524128,95524352,224,7c2d694d4c46ed5e7bd4243144e171c90d5a628324e239503536f05203339863,ff
unreferenced_within_used_rom,95595784,95596032,248,02eac1ae8a6a00237269d7713f65ed7af685b76695978616e5ca1992b75a2101,ff
unreferenced_within_used_rom,95667492,95667712,220,77cc87a375a23d5286b58d4a3dbf89efc94a5b2000a5ccf9f6fddca1acb8f4ac,ff
unreferenced_within_used_rom,95711740,95711744,4,ad95131bc0b799c0b1af477fb14fcf26a6a9f76079e48bf090acb7e8367bfd0e,ff
unreferenced_within_used_rom,95723488,95723520,32,af9613760f72635fbdb44a5a0a63c39f12af30f950a6ee5c971be188e89c4051,ff
unreferenced_within_used_rom,95726652,95727104,452,6289fac571df68bb15a3891d511d6b6234b515a991584dc08c33a128d2fdc35e,ff
unreferenced_within_used_rom,95769820,95770112,292,08e9ada57327ffb9e4bcaed1be7d8ad94b085b2a99318313105c1531ac8d1539,ff
unreferenced_within_used_rom,95834136,95834624,488,3832cbd77b14dad756b4023ff2d1c056c45c5402bb2682353f45de66cb5278a7,ff
unreferenced_within_used_rom,96137632,96137728,96,ce65609cc564ce3d8cb72d46bc44cd5495afbad7bc61b5edfa0799baa5063191,ff
unreferenced_within_used_rom,96154768,96155136,368,0b46df9d4ee1559c2042a1fed537b2ba7f8d546fea364a634398d707de81337a,ff
unreferenced_within_used_rom,96162832,96163328,496,1dd7b5aec086135580c588a9e91cb20983cfdb38ce06d49567355c7944980ffc,ff
unreferenced_within_used_rom,96188052,96188416,364,9022bdd06c8eb4395f9b070b3b1d9e3c4d0e737da54c52267a846aa92eacf847,ff
unreferenced_within_used_rom,96194124,96194560,436,c577d543ef7c1615afd34449fda585dc345ad1465d67b331eaa41c4c30945255,ff
unreferenced_within_used_rom,96206084,96206336,252,dc6a17c9570845b5667fe6faa1361f05e471f5ab033213aec9b26acc0aab8849,ff
unreferenced_within_used_rom,96229212,96229376,164,e6cb9c9c356d2ba83ce89493ae74c91ad065fac76eec4d3409211c0b8450f091,ff
unreferenced_within_used_rom,96266536,96266752,216,a818847102ee5cade5ca790f6888e7eb065d867b31a39b9a9ebc2586d8e4d627,ff
unreferenced_within_used_rom,96267172,96267264,92,f7b17d2718fb1c33c3f11a2ec0b20bc08a365fa6b3700dc45cfbe5dae8ca3d73,ff
unreferenced_within_used_rom,96288856,96289280,424,842d4a2bef4008a41534e1a1e70c2428e26731f30fc649ecfddcaa9aec25b5c2,ff
unreferenced_within_used_rom,96363688,96364032,344,3037f064706622ffeb6597ff97546c1192c6adcddfefb0c8cb71c4b2de4f7ddd,ff
unreferenced_within_used_rom,96438440,96438784,344,3037f064706622ffeb6597ff97546c1192c6adcddfefb0c8cb71c4b2de4f7ddd,ff
unreferenced_within_used_rom,96544372,96544768,396,481ac674a6d701121f3a00411c9d9d4ce20a5fb1a0c7fcccc22d020493dc261a,ff
unreferenced_within_used_rom,96650356,96650752,396,481ac674a6d701121f3a00411c9d9d4ce20a5fb1a0c7fcccc22d020493dc261a,ff
unreferenced_within_used_rom,97247664,97247744,80,6d92a8ea911d0d96dad7f2d76f2647e8b612e645140157668298db20a9412d4b,ff
unreferenced_within_used_rom,97379396,97379840,444,eeca29ad5a2734765a695ea6f30c8aa13ba52ff0c26105a2016e61adf4de5b65,ff
unreferenced_within_used_rom,97548928,97549312,384,a292bc4a1d8d3caa7dd32d1858f7d642a27373526b84cde7df8634faad708d2a,ff
unreferenced_within_used_rom,97699492,97699840,348,b785bdc93c624e42e657229dccff5903187e3f6c11684eb685c0851ec881bac5,ff
unreferenced_within_used_rom,97780648,97780736,88,fc351643198ac4ec4e78649c99ad06b4cd45b554005990cdc70e520b49dd9bf0,ff
unreferenced_within_used_rom,97806020,97806336,316,6b880372558aa42114039458cbb35c09af6ed5f8247383b43548e20ee0a174fe,ff
unreferenced_within_used_rom,98061872,98062336,464,68ae0bd29c78321dd0733e60db7396cedb242552dc4741e9dbebc09106a819c3,ff
unreferenced_within_used_rom,98892244,98892288,44,463d5921a6bfd5c98f6047f561495800372e627c07ce458c23b7ac164a22be51,ff
unreferenced_within_used_rom,98935200,98935296,96,ce65609cc564ce3d8cb72d46bc44cd5495afbad7bc61b5edfa0799baa5063191,ff
unreferenced_within_used_rom,98967980,98968064,84,4a83aa458b0a2379f2c7a336bd0d936f33d55fa35fd8bf823ba81cdde29725aa,ff
unreferenced_within_used_rom,98984152,98984448,296,a0f4ca44a8d75a80222d8c564cf2d62fdc724c078d03da81d237b7a123384a55,ff
unreferenced_within_used_rom,99165428,99165696,268,46ca69b2baab6a254196d2b8d4cc5cfeaf0a49a3a9e98e078197d5cecbf01ba8,ff
unreferenced_within_used_rom,100366948,100367360,412,44b03ad76bc1e6498336c7726478ac787c4b03f1e01ed6d4302136f5a2e11689,ff
unreferenced_within_used_rom,100494512,100494848,336,77071fc978963dce5058c795643c95c195d0d2506c5f02ff38c09e4c8d6ec517,ff
unreferenced_within_used_rom,100622000,100622336,336,77071fc978963dce5058c795643c95c195d0d2506c5f02ff38c09e4c8d6ec517,ff
unreferenced_within_used_rom,100623836,100623872,36,c38236f1e6d5ba2e8616b0c8a115bf8bf0814ddae740ac6cbea93d063417cd0e,ff
unreferenced_within_used_rom,100663980,100664320,340,cb9c3eae31ea3b5ebf14eee1fcf3522df1441095c4605ad670a4daa3e3d05984,ff
unreferenced_within_used_rom,100704428,100704768,340,cb9c3eae31ea3b5ebf14eee1fcf3522df1441095c4605ad670a4daa3e3d05984,ff
unreferenced_within_used_rom,100705172,100705280,108,8a4a142cd5b67451fa5f795cc98952b65d0889529440ebeeaa7b04032838ac4a,ff
unreferenced_within_used_rom,100764748,100765184,436,c577d543ef7c1615afd34449fda585dc345ad1465d67b331eaa41c4c30945255,ff
unreferenced_within_used_rom,100927852,100928000,148,b0883db6a4d742caa0d111a0b067c4e966d09eab650e889b1836de04b259988f,ff
unreferenced_within_used_rom,101016388,101016576,188,129a47b49a3e1a06af4cc9cab579d3a6a6c7f6ab5a17a3f75dd1b09eb9be85e1,ff
unreferenced_within_used_rom,101227576,101228032,456,533b679819f1499a60329c47caf2ad7496fc6180ff3936ea2f39419b53adda34,ff
unreferenced_within_used_rom,101230456,101230592,136,b37c47f42e74edc6a9bdfa65206dcda5a80eaaa3c3eee9b361636536d81a1f89,ff
unreferenced_within_used_rom,101471552,101471744,192,8f62c344eff1568474fb693b8c18526629db443b9653a84264189c97693605de,ff
unreferenced_within_used_rom,101516160,101516288,128,e9175db65a9789096ca9cb5524d3abc2107df03e3c9ba3af1aca628f9c5d3bd2,ff
unreferenced_within_used_rom,101626548,101626880,332,f175b06eed005da8da3258bbb9302e5cf74ffc5fb7a85fe418ae1d20f5f7f97b,ff
unreferenced_within_used_rom,101700416,101700608,192,8f62c344eff1568474fb693b8c18526629db443b9653a84264189c97693605de,ff
trailing_after_used_rom,102630460,134217728,31587268,f026d0271b049793b9a0095f9ddd6da83ed0937ea95a18b12737e228366bab1d,ff
